Date,State,NO2 Mean,NO2 1st Max Value,NO2 1st Max Hour,NO2 AQI,O3 Mean,O3 1st Max Value,O3 1st Max Hour,O3 AQI,SO2 Mean,SO2 1st Max Value,SO2 1st Max Hour,SO2 AQI,CO Mean,CO 1st Max Value,CO 1st Max Hour,CO AQI
2013-12-01,Alabama,17.208333,39.3,18,37,0.013542,0.026,9,24,0.2853895,0.75,11,0.5,0.262879,0.65,8.5,3
2013-12-02,Alabama,20.6875,32.4,7,30,0.009375,0.013,0,12,0.5316665,2.1,11,1.5,0.3528125,0.485,8,3
2013-12-03,Alabama,14.9125,22.4,17,21,0.008167,0.012,22,11,0.2526315,1.3499999999999999,12.5,1.5,0.2375755,0.32499999999999996,4,1.5
2013-12-04,Alabama,7.825,19.3,17,18,0.011125,0.014,8,13,0.123052,0.95,17,0.5,0.1151515,0.22,18.5,1
2013-12-05,Alabama,8.004762,16,7,15,0.010083,0.014,18,13,-0.0142855,0.6000000000000001,2.5,0.5,0.1175755,0.2,17.5,1
2013-12-06,Alabama,6.05,10.2,19,9,0.001708,0.007,0,6,-0.1392855,0,10,0,0.140606,0.2,10,1
2013-12-07,Alabama,5.3,8.5,0,8,0.007,0.01,9,9,0.0022725,0.2,4,0,0.15412900000000002,0.195,12.5,1
2013-12-08,Alabama,8.5,10.9,22,9,0,0,0,0,0.419156,2.35,2.5,2,0.244962,0.355,14.5,1.5
2013-12-09,Alabama,6.083333,9.3,23,8,0.005458,0.008,6,7,-0.0316665,0.25,15.5,0,0.128139,0.22499999999999998,2.5,1.5
2013-12-10,Alabama,9.9875,28,21,26,0.010208,0.02,9,19,0.3185065,1.1,20,0.5,0.1538635,0.38,23,1.5
2013-12-11,Alabama,18.895833,28.6,17,26,0.010417,0.018,9,17,2.174026,9.5,11,8.5,0.27030299999999996,0.47000000000000003,9,2.5
2013-12-12,Alabama,12.108333,28.7,20,26,0.013875,0.027,8,25,0.9045455,5.6499999999999995,23,5.5,0.1707575,0.33499999999999996,19,1.5
2013-12-13,Alabama,25.329167,35.4,7,33,0.010444,0.019,23,18,4.616234,11.1,17,8.5,0.31,0.635,6.5,3
2013-12-14,Alabama,9.145833,21.4,9,20,0.018083,0.022,21,20,0.517857,4.25,4,3.5,0.1539775,0.225,4.5,1
2013-12-15,Alabama,3.770833,8.8,23,8,0.018083,0.022,0,20,0.237013,0.55,4,0,0.103409,0.12000000000000001,10,0.5
2013-12-16,Alabama,17.208333,40.3,17,38,0.00825,0.021,9,19,0.6291665,1.4,22.5,0.5,0.35036100000000003,0.85,19.5,3
2013-12-17,Alabama,17.283333,35.1,3,33,0.018667,0.032,9,30,0.095,0.8500000000000001,4,0.5,0.2920075,0.8899999999999999,3.5,3.5
2013-12-18,Alabama,21.283333,39.2,17,37,0.00925,0.027,9,25,2.7103895,8.2,9.5,8,0.102515,0.585,7,1.5
2013-12-19,Alabama,19.459091,30.6,7,28,0.019583,0.03,23,28,1.402222,2.75,8.5,2,0.350379,1.005,7,4.5
2013-12-20,Alabama,8.5,14.5,16,13,0.026333,0.03,0,28,0.799675,2.5,14,1.5,0.1247345,0.185,4,1
2013-12-21,Alabama,4.070833,8.6,5,8,0.017167,0.026,23,24,0.141883,0.75,19.5,0,0.083788,0.115,7.5,0.5
2013-12-22,Alabama,7.920833,14.9,10,13,0.0195,0.029,2,27,0.14642850000000002,0.85,16,0.5,0.1229545,0.225,16,1
2013-12-23,Alabama,4.716667,7.3,0,7,0.013417,0.019,14,18,-0.12333350000000001,0,5.5,0,0.0736945,0.2,5.5,1
2013-12-24,Alabama,4.504167,9.4,22,8,0.019708,0.029,9,27,0.048701,0.45,10,0,0.098409,0.295,20.5,1.5
2013-12-25,Alabama,12.745833,23.7,22,22,0.011625,0.028,9,26,0.9724025000000001,4.55,16.5,3.5,0.28609850000000003,0.5700000000000001,23,3
2013-12-26,Alabama,16.1875,27.1,19,25,0.010792,0.03,10,28,2.8425325,23.65,10,25,0.424053,0.7749999999999999,7,4
2013-12-27,Alabama,18.541667,29.8,18,27,0.009417,0.028,8,26,1.3675,10.55,16,13.5,0.4023485,0.615,14,3
2013-12-28,Alabama,15.554167,25.3,2,24,0.012042,0.016,10,15,0.7344155,5.85,5,5.5,0.24284099999999997,0.475,1,3.5
2013-12-29,Alabama,10.9375,25.5,22,24,0.011833,0.024,9,22,0,0,2.5,0,0.19795449999999998,0.465,21.5,2.5
2013-12-30,Alabama,9.179167,20.7,0,19,0.007333,0.011,22,10,0.6116665,3.05,12.5,3,0.267139,0.78,7.5,3
2013-12-31,Alabama,12.133333,46.2,22,43,0.012579,0.02,9,19,0.683889,5.8,13,5.5,0.20579550000000002,0.6,20.5,3
2014-01-01,Alabama,16.5125,47.1,0,44,0.01325,0.02,10,19,0.3032465,1.9,2.5,1.5,0.20227250000000002,0.5,4.5,3
2014-01-02,Alabama,3.6625,7.9,6,7,0.018458,0.028,19,26,-0.0045455,0,2.5,0,0.151287,0.25,12.5,1
2014-01-03,Alabama,1.725,1.9,2,1,0.019708,0.029,8,27,0.815,3.45,13.5,3,0.16571999999999998,0.30000000000000004,9.5,1
2014-01-06,Alabama,4.872727,8.1,20,8,0.028583,0.031,7,29,0.0391665,0.3,8,0,0.021666499999999998,0.15000000000000002,17.5,0.5
2014-01-07,Alabama,12.7625,65.1,23,63,0.014792,0.025,0,23,0.24675350000000001,2.3,23,2,0.2297345,0.65,23,2.5
2014-01-08,Alabama,58.581818,83.2,0,82,0.004588,0.019,9,18,3.4375,9.05,8.5,9.5,0.6968955,1.05,12.5,5
2014-02-18,Alabama,7.693333,14.7,17,13,0.016375,0.024,8,22,1.0075,4.3,13,3.5,0.2127525,0.7949999999999999,5.5,2.5
2014-02-19,Alabama,12.175,25.6,22,24,0.01375,0.02,0,19,0.4575,1.15,19,0.5,0.18405300000000002,0.405,20,1.5
2014-02-20,Alabama,4.875,7.8,9,7,0.019125,0.024,22,22,0.2857145,1,10,0.5,0.12303,0.22999999999999998,4,1.5
2014-02-21,Alabama,10.183333,34.1,19,32,0.018625,0.036,9,33,0.547078,5,22,4.5,0.1925,0.51,22.5,2.5
2014-02-22,Alabama,16.070833,35.4,19,33,0.016875,0.034,9,31,2.3623374999999998,7.25,7.5,5.5,0.372689,0.7050000000000001,10.5,3.5
2014-02-23,Alabama,18.908333,35.6,19,33,0.018375,0.039,10,36,2.7542204999999997,6.95,8,5.5,0.3498485,0.6799999999999999,21.5,3
2014-02-24,Alabama,6.770833,28.5,23,26,0.021292,0.032,9,30,1.1216665,5.15,22.5,4.5,0.166222,0.45999999999999996,12,3.5
2014-02-25,Alabama,17.004762,30.7,4,28,0.016417,0.025,11,23,3.6292204999999997,14.600000000000001,10.5,13.5,0.20647749999999998,0.32,12.5,1.5
2014-02-26,Alabama,4.595833,9,22,8,0.02475,0.029,12,27,0.693182,1.85,10.5,0.5,0.168309,0.23,10.5,1
2014-02-27,Alabama,6.12,24.7,6,23,0.019333,0.037,10,34,0.5607145,1.15,8.5,0.5,0.30619050000000003,0.595,21.5,3
2014-02-28,Alabama,7.58,12,7,11,0.01725,0.032,7,30,4.1166665,5.75,5,4.5,0.3913635,0.62,1,3.5
2014-03-03,Alabama,3.485714,5.6,16,5,0.028824,0.03,18,28,0,0,9,0,0.1041175,0.15000000000000002,17.5,0.5
2014-03-04,Alabama,11.190909,15.4,19,14,0.012458,0.027,0,25,0.49055550000000003,3.3,13,3,0.21878799999999998,0.375,20,1.5
2014-03-05,Alabama,8.475,10.7,8,9,0.0028,0.007,4,6,0.6116665,1.75,7.5,1.5,0.336643,0.405,2,2.5
2014-03-06,Alabama,8.6625,11.7,16,10,0.020938,0.025,8,23,-0.0107145,0.05,16,0,0.1774605,0.21500000000000002,16,1
2014-03-07,Alabama,13.394118,39,19,37,0.015167,0.031,10,29,1.047078,9.75,10,9.5,0.251629,0.5800000000000001,15,2.5
2014-03-08,Alabama,17.566667,39.1,21,37,0.013708,0.034,10,31,0.783766,5.3,8,5,0.460379,0.7849999999999999,12.5,3.5
2014-03-09,Alabama,12.908333,38.2,23,36,0.019208,0.038,10,35,-0.03474,0.05,6,0,0.296856,0.585,11,4
2014-03-10,Alabama,17.0875,35.8,22,33,0.014375,0.032,10,30,0.2875,2.5,7.5,2,0.3031665,0.5900000000000001,7.5,3
2014-03-11,Alabama,14.245833,32.3,8,30,0.021708,0.036,10,33,1.2074675,6.4,8,5,0.396894,0.8049999999999999,6.5,4
2014-03-12,Alabama,6.164286,14,7,13,0.023583,0.033,13,31,0,0,2.5,0,0.1029925,0.21000000000000002,5.5,1
2014-03-13,Alabama,13.614286,36.7,23,34,0.020875,0.039,10,36,0.36052649999999997,1.4,23,0.5,0.167462,0.465,22.5,2.5
2014-03-14,Alabama,19.130435,37.7,6,35,0.023958,0.038,10,35,0.808766,2.2,4,1.5,0.29507550000000005,0.6950000000000001,3.5,3
2014-03-15,Alabama,8.5875,14.8,7,13,0.029125,0.037,10,34,1.5116885,4.5,7,3,0.218182,0.3,5,1.5
2014-03-16,Alabama,9.65,33.7,19,31,0.018167,0.023,0,21,0.032792,0.4,10,0,0.197121,0.475,20,1.5
2014-03-17,Alabama,4.541667,7,12,7,0.0115,0.014,0,13,-0.09166650000000001,0,10,0,0.198861,0.315,11.5,2.5
2014-03-18,Alabama,7.0125,12.9,6,11,0.0115,0.019,18,18,1.3857140000000001,9.55,14,10,0.18383349999999998,0.3,8,1.5
2014-03-19,Alabama,9.045833,25.3,20,24,0.0175,0.027,10,25,0.0792205,0.65,7,0.5,0.249832,0.5,21,2.5
2014-03-20,Alabama,11.925,33.2,20,31,0.017,0.038,10,35,0.805702,4.699999999999999,22,3.5,0.246591,0.505,11,2.5
2014-03-21,Alabama,21.241667,39.2,22,37,0.021529,0.044,9,41,1.925,4.85,2.5,4.5,0.407538,0.675,6.5,3.5
2014-03-22,Alabama,15.585714,34.8,6,32,0.027444,0.041,8,38,1.3250000000000002,2.2,8,1.5,0.399375,0.75,4.5,3.5
2014-03-24,Alabama,6.1235289999999996,10.3,18,9,0.031292,0.038,10,35,1.7466665,8.1,8,8,0.17438900000000002,0.22,7.5,1
2014-03-25,Alabama,4.840909,16.2,5,15,0.029792,0.038,9,35,0.5392855000000001,2.5999999999999996,8,2,0.16856100000000002,0.23500000000000001,2.5,1
2014-03-26,Alabama,12.129167,34,5,32,0.028917000000000002,0.041,10,38,1.1308335,4.55,14,4.5,0.207841,0.33499999999999996,4.5,1.5
2014-03-27,Alabama,6.0125,14.9,5,13,0.035167,0.043,8,40,0.7487010000000001,1.8,5.5,1.5,0.17772749999999998,0.26,4,1
2014-03-28,Alabama,7.854167,13,4,12,0.022542,0.027,6,25,1.0025975,5.6,14,5.5,0.137538,0.19,17.5,1
2014-03-29,Alabama,3.133333,9.6,0,8,0.02625,0.03,11,28,0.055844000000000005,0.35,4.5,0,0.1210985,0.185,4,1
2014-03-30,Alabama,6.516667,28.4,21,26,0.022875,0.039,10,36,0.24188300000000001,2.9,23,3,0.15522750000000002,0.37,22.5,1.5
2014-03-31,Alabama,21.854545,40.9,19,38,0.02025,0.04,10,37,3.8433335,23.4,7.5,21.5,0.353861,0.69,22,3
2014-04-01,Alabama,13.526667,42.2,7,40,0.024364,0.04,9,37,1.3035714999999999,2.9000000000000004,15.5,3,0.43811700000000003,0.69,12,4
2014-04-02,Alabama,5.87,21.3,6,20,0.023385,0.029,10,27,0.2798075,0.9500000000000001,7.5,0.5,0.1810715,0.31,10.5,1.5
2014-04-03,Alabama,6.775,9.7,7,8,0.0195,0.02,0,19,0.00625,0.05,2.5,0,0.20500000000000002,0.23,9,1
2014-04-04,Alabama,9.892308,32.6,19,30,0.024524,0.027,9,25,0.1078945,0.95,10.5,0.5,0.1340225,0.315,18.5,1
2014-04-05,Alabama,2.554167,12.6,5,11,0.0315,0.04,9,37,0.2045455,0.5,7.5,0,0.18295450000000002,0.195,1.5,1
2014-04-06,Alabama,6.604167,15.1,4,14,0.021625,0.028,7,26,1.1188310000000001,8.8,4.5,8,0.1784845,0.23,2.5,1
2014-04-07,Alabama,6.041667,13.4,10,12,0.022875,0.033,16,31,0.28500000000000003,1.4,7,1.5,0.142972,0.20500000000000002,9.5,1
2014-04-08,Alabama,4.304545,13.1,4,12,0.033375,0.044,9,41,0.1483765,0.5,10,0,0.156,0.2,8.5,1
2014-04-09,Alabama,8.469565,35.1,22,33,0.025292,0.044,10,41,0.163095,0.7,10,0,0.18696449999999998,0.355,22,1.5
2014-04-10,Alabama,13.595833,33,0,31,0.030917,0.043,9,40,1.0116885,3.3499999999999996,5.5,2,0.31322,0.69,6,3.5
2014-04-11,Alabama,11.466667,33.7,21,31,0.024917,0.041,8,38,1.0298705,4.75,22.5,3.5,0.222829,0.375,22.5,1.5
2014-04-12,Alabama,12.845833,36.9,3,34,0.028375,0.041,8,38,1.5886365,6.1,4,5.5,0.25628799999999996,0.49,1.5,2.5
2014-04-13,Alabama,2.770833,7.5,19,7,0.031375,0.034,6,31,0.5694805000000001,2.25,8,2,0.1301135,0.22999999999999998,10.5,1.5
2014-04-14,Alabama,8.6625,19.4,8,18,0.01875,0.027,0,25,0.4344445,2.3,11.5,2,0.18591649999999998,0.26,7,1
2014-04-15,Alabama,2.545833,7.5,22,7,0.030125,0.039,12,36,0.0391665,0.2,21.5,0,0.1199245,0.19,10.5,1
2014-04-16,Alabama,7.295833,22,20,21,0.033417,0.042,10,39,1.8074675,10.3,7,10,0.19477250000000002,0.38,3,1.5
2014-04-17,Alabama,4.491667,10.5,6,9,0.034125,0.039,9,36,0.8977275,1.75,16,1.5,0.106818,0.135,9,0.5
2014-04-18,Alabama,6.358333,11,20,10,0.026667,0.031,8,29,1.5883115,5.9,18.5,5,0.11818200000000001,0.16,11.5,0.5
2014-04-19,Alabama,5.7,17.1,23,16,0.031875,0.046,11,43,4.094156,12.350000000000001,17,9.5,0.15409099999999998,0.26,12,1
2014-04-20,Alabama,8.95,30.1,22,28,0.02925,0.049,9,45,1.9045454999999998,6.9,7,6.5,0.19572,0.405,20,1.5
2014-04-21,Alabama,15.427273,35.7,20,33,0.005,0.007,3,6,1.8158335,4.85,4,3.5,0.2759165,0.5449999999999999,4,3
2014-04-22,Alabama,11.7,27,21,25,0.021923,0.04,11,37,0.41785700000000003,0.95,4,0.5,0.2495455,0.54,5.5,1.5
2014-04-23,Alabama,8.7,32,23,30,0.03425,0.061,10,71,0.793182,2.9000000000000004,8,2,0.177269,0.32499999999999996,10,1.5
2014-04-24,Alabama,13.333333,34,6,32,0.0415,0.056,9,54,2.49026,9,4.5,6.5,0.262803,0.47500000000000003,3.5,2.5
2014-04-25,Alabama,5.333333,20.5,19,19,0.033708,0.049,10,45,0.1461035,0.6,5,0,0.1417045,0.28,9.5,1
2014-04-26,Alabama,12.520833,30.3,22,28,0.034,0.061,10,71,1.6957795,6.35,23,5.5,0.27318200000000004,0.5700000000000001,13.5,2.5
2014-04-27,Alabama,7.05,29.7,0,27,0.022,0.026,12,24,0.5727275000000001,2.1500000000000004,10,2,0.211856,0.515,6.5,3
2014-04-28,Alabama,3.6125,8.3,20,8,0.020792,0.026,10,24,0.3158335,1.85,19.5,1.5,0.10500000000000001,0.12000000000000001,4,0.5
2014-04-29,Alabama,6.095833,18.2,6,17,0.019,0.019,0,18,0.18376599999999998,1.15,13,0.5,0.1558335,0.31,5.5,1
2014-04-30,Alabama,6.35,26.2,6,25,0.035706,0.045,11,42,0.0308335,0.25,5,0,0.1829925,0.51,10,1.5
2014-05-01,Alabama,5.6375,20.8,21,19,0.035625,0.047,10,44,0.0555195,0.2,11.5,0,0.125568,0.225,21,1
2014-05-02,Alabama,10.445833,28.1,21,26,0.030667,0.052,8,48,0.9701295,9.1,7.5,8.5,0.183409,0.28,10.5,1
2014-05-03,Alabama,12.808333,31.7,20,29,0.030375,0.058,9,61,0.509091,1.8,7.5,1.5,0.338712,1.03,7,4
2014-05-04,Alabama,13.779167,37.3,20,35,0.036583,0.062,9,74,0.835065,2.4,5,1.5,0.335379,0.6699999999999999,13.5,3.5
2014-05-05,Alabama,11.527273,28.6,6,26,0.040958,0.062,8,74,0.81,2,7,1.5,0.22741650000000002,0.44,3,2.5
2014-05-06,Alabama,13.941667,28.4,21,26,0.041,0.065,9,84,0.764935,2.1,7.5,1.5,0.2295075,0.4,5.5,1.5
2014-05-07,Alabama,9.191667,25.3,0,24,0.040917,0.053,9,49,1.916234,5.35,8,3.5,0.1687815,0.265,2.5,1.5
2014-05-08,Alabama,8.791667,27.3,5,25,0.038333,0.05,8,46,1.1045455,3.55,4,3,0.171591,0.255,3,1
2014-05-09,Alabama,8.291667,24.5,23,23,0.024417,0.035,8,32,0.8396105,3.6500000000000004,23,3,0.18613649999999998,0.365,17,1.5
2014-05-10,Alabama,10.35,20.6,21,19,0.02175,0.037,8,34,0.3892855,1.9,4,1.5,0.218712,0.36,9.5,1.5
2014-05-11,Alabama,5.05,17.4,0,16,0.024458,0.036,10,33,0.0857145,0.30000000000000004,11,0,0.1595455,0.255,1,1.5
2014-05-12,Alabama,6.325,11.1,20,10,0.027917,0.039,10,36,0.925,2.95,5.5,2,0.19225,0.21500000000000002,7.5,1
2014-05-13,Alabama,11.945833,33.4,20,31,0.029208,0.048,9,44,2.3425325,7.4,19.5,5.5,0.2182575,0.355,22,1.5
2014-05-14,Alabama,10.120833,19.3,0,18,0.021083,0.023,23,21,0.39166650000000003,2.3499999999999996,4,1.5,0.199697,0.295,2.5,1.5
2014-05-15,Alabama,4.929167,23.2,23,22,0.028042,0.044,11,41,0.106818,0.45,18.5,0,0.136818,0.36,23,1.5
2014-05-16,Alabama,13.7125,36.3,20,34,0.028625,0.054,10,50,0.42532499999999995,2.3,23,1.5,0.309318,0.595,3.5,3
2014-05-17,Alabama,10.0375,30.1,5,28,0.038208,0.062,11,74,1.9951295,9.2,10,8.5,0.277159,0.5349999999999999,2,3
2014-05-18,Alabama,5.925,13.8,22,12,0.028708,0.044,8,41,1.0603894999999999,3.4499999999999997,9.5,3,0.120303,0.195,20,1
2014-05-19,Alabama,8.486364,21.8,6,20,0.0385,0.058,11,61,1.4766664999999999,8.100000000000001,7.5,7,0.147472,0.24000000000000002,3,1
2014-05-20,Alabama,8.091667,21.5,20,20,0.045792,0.062,9,74,1.0607145,3.3,8.5,2,0.174432,0.29000000000000004,13.5,1
2014-05-21,Alabama,11.395833,31.3,22,29,0.037167,0.058,9,61,0.9366885,2.3,7,1.5,0.10527800000000001,0.39,3.5,1.5
2014-05-22,Alabama,11.291667,32.5,5,30,0.032833,0.052,9,48,0.3435065,1.25,6.5,0.5,0.2452275,0.54,6,3
2014-05-23,Alabama,10.766667,33.1,21,31,0.033333,0.059,9,64,0.125,0.30000000000000004,16.5,0,0.178106,0.385,12,1.5
2014-05-24,Alabama,11.729167,25.1,0,24,0.031,0.062,9,74,2.391558,8.350000000000001,22.5,6.5,0.3059845,0.51,5,3
2014-05-25,Alabama,8.254167,21.7,0,20,0.032875,0.056,9,54,2.5178570000000002,7.6,23,5.5,0.282462,0.515,3,3
2014-05-26,Alabama,6.675,21.6,2,20,0.042208,0.055,8,51,1.4891665,6.5,5.5,7,0.168111,0.32,1,1.5
2014-05-27,Alabama,5.7875,13.8,5,12,0.0405,0.049,7,45,1.474675,4.449999999999999,8,3.5,0.2002275,0.29000000000000004,4,1
2014-05-28,Alabama,7.554167,23,20,22,0.020917,0.03,7,28,0.4608335,2.55,5,2,0.1686365,0.22,7.5,1
2014-05-29,Alabama,7.258333,12.1,23,11,0.015417,0.026,10,24,0.2857145,0.95,19,0.5,0.11537900000000001,0.185,4,1
2014-05-30,Alabama,7.533333,13.9,0,12,0.016833,0.029,8,27,0.5207795,1.2,10.5,0.5,0.11787900000000001,0.2,19.5,1
2014-05-31,Alabama,5.591667,13,19,12,0.03,0.041,10,38,0.2788965,1.05,9.5,0.5,0.1157955,0.195,9.5,1
2014-06-01,Alabama,3.154167,7.1,1,7,0.029542,0.038,22,35,0.308442,2.2,23,2,0.1013635,0.135,7.5,0.5
2014-06-02,Alabama,5.433333,15.4,21,14,0.032292,0.042,7,39,4.1666665,10.55,13.5,8.5,0.11325,0.13,10.5,0.5
2014-06-03,Alabama,9.35,32.9,20,30,0.027333,0.044,10,41,0.301948,0.9500000000000001,16,0.5,0.167059,0.28,12.5,1
2014-06-04,Alabama,7.791667,18.2,4,17,0.024667,0.034,9,31,1.456169,5.800000000000001,19.5,5,0.144958,0.28,2.5,1
2014-06-05,Alabama,5.758333,13.9,5,12,0.025417,0.033,8,31,1.2548705,3.7,15.5,3.5,0.1979925,0.485,8,2.5
2014-06-06,Alabama,11.3625,28.1,5,26,0.0205,0.032,7,30,0.8707795,3.9499999999999997,11.5,3.5,0.1679925,0.30000000000000004,6,1
2014-06-07,Alabama,5.675,14.6,20,13,0.0295,0.047,10,44,2.4964285000000004,18.6,7.5,16.5,0.164053,0.24000000000000002,6.5,1
2014-06-08,Alabama,7.491667,21.6,20,20,0.022667,0.036,8,33,1.035065,6.45,19,5.5,0.14049250000000002,0.275,10.5,1
2014-06-09,Alabama,6.108333,14.3,2,13,0.0265,0.037,7,34,0.2241665,1.7,10,1.5,0.122639,0.275,6.5,1.5
2014-06-10,Alabama,5.9625,12,4,11,0.024917,0.032,12,30,0.08583350000000001,0.4,19,0,0.1011365,0.14,6.5,0.5
2014-06-11,Alabama,9.716667,27,20,25,0.021542,0.035,10,32,0.0045455,0.05,8.5,0,0.1664775,0.385,20.5,1.5
2014-06-12,Alabama,9.041667,22.4,0,21,0.023417,0.045,10,42,0.116234,1,10.5,0.5,0.2051515,0.405,11.5,2.5
2014-06-13,Alabama,8,21.9,0,20,0.030083,0.047,9,44,0.2766235,1.1,10,0.5,0.216932,0.445,3,2.5
2014-06-14,Alabama,6.995833,23.5,22,22,0.029167,0.051,9,47,2.4707795,11.7,7.5,10,0.1554545,0.405,23,1.5
2014-06-15,Alabama,9.645833,21.9,2,20,0.030583,0.052,8,48,1.891234,4.65,7,3,0.245303,0.405,2,2.5
2014-06-16,Alabama,16.286364,32.5,19,30,0.024083,0.053,8,49,7.5991665,39.2,16.5,32,0.2541945,0.38,2.5,1.5
2014-06-17,Alabama,9.475,24.6,0,23,0.024083,0.043,9,40,1.3983335000000001,6.45,16,6.5,0.248068,0.44,3.5,2.5
2014-06-18,Alabama,14.329167,29.2,19,27,0.025458,0.049,8,45,1.916883,6.5,7,5.5,0.3132565,0.51,5,3
2014-06-19,Alabama,12.5125,32.8,7,30,0.03075,0.067,10,90,2.5451295,12.100000000000001,7.5,10,0.3457575,0.645,6.5,3.5
2014-06-20,Alabama,10.066667,24.1,23,23,0.0235,0.045,8,42,1.225649,4.05,21.5,3.5,0.2502655,0.455,3,2.5
2014-06-21,Alabama,6.8125,19.5,0,18,0.029375,0.047,8,44,0.49415600000000004,2.05,5,1.5,0.222159,0.44,4,2.5
2014-06-22,Alabama,7.3375,17.1,4,16,0.026792,0.045,9,42,1.135065,3.7,4,2,0.125947,0.22,5,1
2014-06-23,Alabama,9.016667,17.2,19,16,0.031708,0.052,7,48,0.64,3.8000000000000003,19,3.5,0.130139,0.24000000000000002,2,1
2014-06-24,Alabama,6.154167,10.9,6,9,0.022917,0.03,9,28,0.699675,1.65,7.5,0.5,0.10757549999999999,0.245,21.5,1
2014-06-25,Alabama,6.466667,12.6,20,11,0.02925,0.044,9,41,1.1954544999999999,2.75,15.5,2,0.155682,0.24000000000000002,2,1
2014-06-26,Alabama,6.204167,15.4,5,14,0.016917,0.026,9,24,0.299026,1.0499999999999998,4,0.5,0.18541649999999998,0.32,3.5,1
2014-06-27,Alabama,7.35,16.7,4,15,0.01975,0.033,10,31,0.3141665,1.6,10,1.5,0.207538,0.52,7.5,2.5
2014-06-28,Alabama,6.2,14.4,4,13,0.024292,0.043,11,40,0.6977275000000001,2.2,7.5,1.5,0.114962,0.225,9.5,1
2014-06-29,Alabama,7.3375,18.4,3,17,0.013792,0.026,7,24,0.8324674999999999,2.25,7,1.5,0.071932,0.175,6,0.5
2014-06-30,Alabama,7.154545,16.5,1,15,0.014292,0.024,8,22,0.2133335,0.8999999999999999,4,0.5,0.1,0.1,1,0.5
2014-07-07,Alabama,9.741667,24.9,1,23,0.0055,0.006,0,6,0.3941665,1.5499999999999998,7,0.5,0.19230750000000002,0.28500000000000003,14.5,1
2014-07-08,Alabama,7.341667,18.6,5,17,0.040842,0.05,9,46,0.8757895,2.1,4.5,1.5,0.1873865,0.395,4.5,1.5
2014-07-09,Alabama,7.7875,23.9,22,22,0.03,0.047,9,44,0.34123400000000004,1.1,7.5,0.5,0.1166665,0.35,7,1
2014-07-10,Alabama,5.029167,16.1,2,15,0.03325,0.049,10,45,0.092857,0.25,7.5,0,0.116288,0.185,1.5,1
2014-07-11,Alabama,8.075,24.4,21,23,0.032667,0.055,10,51,2.5077920000000002,16.9,22,15,0.173106,0.28500000000000003,11,1
2014-07-12,Alabama,12.141667,30.3,0,28,0.030125,0.05,8,46,2.0386365,5.75,4,5,0.27420449999999996,0.9199999999999999,20.5,3.5
2014-07-13,Alabama,11.833333,27.2,1,25,0.0265,0.052,8,48,0.756818,1.9000000000000001,4,1.5,0.272462,0.685,3,4.5
2014-07-14,Alabama,7.169565,22.5,0,21,0.033708,0.05,10,46,0.64,1.3,10.5,0.5,0.154528,0.25,6,1
2014-07-15,Alabama,6.529167,18.2,3,17,0.026292,0.037,9,34,0.009091,0.05,5,0,0.147138,0.225,2.5,1
2014-07-16,Alabama,4.266667,11.4,4,10,0.031375,0.045,10,42,0.3766235,0.9,8,0.5,0.1029545,0.18,3,0.5
2014-07-17,Alabama,6.445833,15.5,5,14,0.032583,0.051,10,47,1.1980520000000001,7.45,10,7,0.119394,0.195,6.5,1
2014-07-18,Alabama,14.45,26.9,1,25,0.024208,0.032,9,30,1.73474,5.15,13,4.5,0.186932,0.26,4.5,1
2014-07-19,Alabama,3.733333,8.7,0,8,0.018417,0.029,11,27,0.133766,0.95,5.5,0.5,0.106591,0.2,5.5,0.5
2014-07-20,Alabama,5.845833,16.2,22,15,0.019083,0.033,10,31,0.6207795,3.4000000000000004,22.5,3,0.14928,0.245,12,1
2014-07-21,Alabama,10.4,26.4,18,25,0.0225,0.04,7,37,1.7266664999999999,8.649999999999999,7.5,7,0.18944450000000002,0.28,3,1
2014-07-22,Alabama,6.041667,10.8,6,9,0.021,0.035,11,32,0.47619049999999996,1.05,2.5,0.5,0.11147750000000001,0.175,2,1
2014-07-23,Alabama,11.4125,28.1,20,26,0.022958,0.043,9,40,1.0045454999999999,3.8000000000000003,14,3,0.18503799999999998,0.255,5,1
2014-07-24,Alabama,7.295833,23.4,4,22,0.029333,0.042,10,39,0.501299,2.8,7.5,2,0.190871,0.535,7,1.5
2014-07-25,Alabama,10.233333,24.5,22,23,0.02725,0.051,9,47,0.667208,3.3,8,2,0.1999245,0.345,6.5,1.5
2014-07-26,Alabama,10.8,24.3,23,23,0.02725,0.052,10,48,1.506169,6.5,7,5.5,0.27981100000000003,0.5349999999999999,5,3
2014-07-27,Alabama,6.8125,24.1,0,23,0.026708,0.039,8,36,0.6951295,2.15,5.5,1.5,0.2366665,0.56,4,3
2014-07-28,Alabama,3.122727,6.5,1,6,0.030958,0.044,10,41,0.20750000000000002,0.35,7,0,0.10625000000000001,0.12000000000000001,10,0.5
2014-07-29,Alabama,4.758333,14.6,5,13,0.031333,0.042,11,39,0.4464285,3.3499999999999996,7,3,0.15050000000000002,0.21000000000000002,6.5,1
2014-07-30,Alabama,8.495833,26.9,22,25,0.034375,0.05,11,46,1.2655845000000001,8.75,22.5,8.5,0.2145455,0.32999999999999996,5,1.5
2014-07-31,Alabama,8.279167,16.3,21,15,0.037208,0.054,9,50,2.5519480000000003,12.3,11,9.5,0.196818,0.23,3,1
2014-08-01,Alabama,7.141667,17,21,16,0.03575,0.054,11,50,2.0298705,10.95,10.5,9.5,0.1535985,0.23,10.5,1
2014-08-02,Alabama,6.508333,14,23,13,0.030958,0.047,9,44,1.3025975,5.25,10,3.5,0.206932,0.41000000000000003,18,1.5
2014-08-03,Alabama,8.9375,29.2,23,27,0.028792,0.048,9,44,3.4396105,10.35,20,7,0.175189,0.32999999999999996,11.5,1.5
2014-08-04,Alabama,12.85,25.9,0,24,0.038353,0.06,7,67,3.9541665,10.25,22,8,0.21030549999999998,0.32499999999999996,3,1.5
2014-08-05,Alabama,16.591667,36.9,2,34,0.03575,0.063,9,77,3.4825,11,16,8.5,0.2366665,0.33999999999999997,3,1.5
2014-08-06,Alabama,14.579167,42.6,6,40,0.026688,0.053,11,49,1.7139609999999998,7.05,2.5,7,0.311061,1.005,6,3.5
2014-08-07,Alabama,14.975,40.5,7,38,0.03725,0.06,9,67,8.563311500000001,56.35,7.5,48.5,0.28037900000000004,0.515,6,3
2014-08-08,Alabama,13.3375,28.8,5,26,0.025417,0.048,7,44,2.547078,16.65,16.5,15.5,0.2729545,0.625,7,2.5
2014-08-09,Alabama,6.958333,11.3,18,10,0.023042,0.036,8,33,0.464935,1.7999999999999998,8.5,1.5,0.1739015,0.31,9,1
2014-08-10,Alabama,5.454167,12.1,23,11,0.0245,0.042,10,39,0.555844,2.8,22,2,0.1410225,0.265,1.5,1
2014-08-11,Alabama,6.4,19.5,0,18,0.022,0.035,10,32,0.37083350000000004,0.95,8,0.5,0.157778,0.275,4,1
2014-08-12,Alabama,3.583333,9.6,19,8,0.030125,0.046,9,43,0.0857145,0.25,22,0,0.143918,0.21000000000000002,13.5,1
2014-08-13,Alabama,5.283333,13.3,21,12,0.033583,0.05,10,46,0.3974025,0.85,10.5,0.5,0.1607575,0.245,3,1
2014-08-14,Alabama,8.479167,24.2,23,23,0.031875,0.055,11,51,0.3532465,2.55,23,2,0.2179165,0.39,6,1.5
2014-08-15,Alabama,14.016667,31.5,22,29,0.027708,0.055,10,51,5.185065,21.75,7.5,20,0.2752275,0.445,3.5,2.5
2014-08-16,Alabama,14.220833,31.6,0,29,0.025167,0.049,9,45,3.7792205,17.2,2.5,17,0.33806800000000004,0.54,6,3
2014-08-17,Alabama,9.054167,26.3,0,25,0.02375,0.035,8,32,1.4318179999999998,3.5999999999999996,7,2,0.22197,0.42000000000000004,10.5,2.5
2014-08-18,Alabama,6.9,15.8,15,14,0.013389,0.023,7,21,0.6358334999999999,1.9000000000000001,5.5,1.5,0.18125000000000002,0.39,7.5,1.5
2014-08-19,Alabama,9.258333,23.4,6,22,0.02075,0.037,11,34,0.4392855,1.35,22.5,0.5,0.175303,0.385,22,1.5
2014-08-20,Alabama,8.879167,22,21,21,0.01975,0.032,9,30,0.885714,4.65,22,4.5,0.1932575,0.36,3,1.5
2014-08-21,Alabama,10.258333,25.8,3,24,0.022958,0.043,9,40,1.1,4,4,3.5,0.1988255,0.33999999999999997,6.5,1.5
2014-08-22,Alabama,10.633333,26.8,20,25,0.016958,0.036,9,33,0.4857145,2.15,4,1.5,0.204318,0.36,11,1.5
2014-08-23,Alabama,6.233333,19.6,0,18,0.024625,0.035,9,32,0.9503250000000001,5,2.5,4.5,0.211629,0.47000000000000003,2,2.5
2014-08-24,Alabama,3.5375,6.6,5,6,0.028958,0.041,10,38,1.458442,5.300000000000001,10.5,4.5,0.1120835,0.18,7,1
2014-08-25,Alabama,8.545455,28.4,21,26,0.028875,0.045,10,42,1.885,5.9,22,4.5,0.14236100000000002,0.27,20.5,1
2014-08-26,Alabama,9.716667,32.9,23,30,0.031889,0.053,7,49,2.339935,11.25,23,9.5,0.173092,0.33999999999999997,12.5,1.5
2014-08-27,Alabama,15.091667,38.1,21,36,0.03275,0.066,10,87,8.95,35.8,22.5,28.5,0.27553,0.55,13,2.5
2014-08-28,Alabama,14.925,33,7,31,0.036542,0.066,10,87,6.2483765,15.15,5.5,12,0.302803,0.585,3.5,3.5
2014-08-29,Alabama,14.758333,34.5,1,32,0.032958,0.053,9,49,3.266234,15.1,5.5,13.5,0.303068,0.6699999999999999,6,3.5
2014-08-30,Alabama,6.1375,17.7,21,16,0.020083,0.037,7,34,0.5551945,2,7.5,1.5,0.178182,0.35,22.5,1.5
2014-08-31,Alabama,7.2875,17.7,20,16,0.010875,0.02,8,19,0.53474,1.5499999999999998,14.5,0.5,0.17041650000000003,0.36,11,1.5
2014-09-01,Alabama,7.304167,19.8,21,18,0.015,0.03,10,28,1.655,5,8,4.5,0.20252799999999999,0.355,5,1.5
2014-09-02,Alabama,6.995833,13.3,2,12,0.017167,0.03,10,28,1.1925,3.15,11.5,2,0.256591,0.5800000000000001,6.5,3
2014-09-03,Alabama,7.529167,17.7,6,16,0.024167,0.041,11,38,0.37889649999999997,1.05,8.5,0.5,0.1463255,0.30000000000000004,3,1
2014-09-04,Alabama,11.520833,27.4,21,25,0.019375,0.04,7,37,0.34870100000000004,1.2,14,0.5,0.1561745,0.33499999999999996,22,1.5
2014-09-05,Alabama,13.929167,25.7,21,24,0.018792,0.043,10,40,1.958766,4.6,16,4.5,0.23200749999999998,0.33499999999999996,3,1.5
2014-09-06,Alabama,8.933333,21.2,7,20,0.030458,0.048,9,44,4.0016235,25.3,7.5,22,0.2135985,0.39,7,1.5
2014-09-07,Alabama,3.3875,7.2,23,7,0.028542,0.042,9,39,1.9217535,8.95,8,8.5,0.1265155,0.2,4,1
2014-09-08,Alabama,10.118182,22.2,23,21,0.028083,0.055,10,51,2.3049999999999997,6.9,11,5.5,0.181611,0.345,15.5,1.5
2014-09-09,Alabama,10.166667,23.6,0,22,0.024167,0.039,10,36,4.4126625,13.7,14,11.5,0.142138,0.2,5.5,1
2014-09-10,Alabama,5.745833,12.7,5,11,0.023833,0.034,10,31,0.599675,2.4,7.5,1.5,0.11803,0.19,8.5,1
2014-09-11,Alabama,9.0625,23.7,22,22,0.017375,0.033,9,31,0.7295455,2.2,10,1.5,0.1460225,0.23500000000000001,8,1
2014-09-12,Alabama,8.654167,16.4,5,15,0.021333,0.038,9,35,1.1769479999999999,4.95,8,4.5,0.185682,0.31,5.5,1
2014-09-13,Alabama,2.333333,4,3,4,0.021333,0.031,13,29,0.066883,0.15000000000000002,7.5,0,0.1141665,0.17,9,1
2014-09-14,Alabama,4.625,13.1,22,12,0.022125,0.038,10,35,4.5392855,32.25,10,31,0.1499245,0.265,8.5,1
2014-09-15,Alabama,8.716667,21.5,21,20,0.017333,0.034,11,31,0.5341665,2.9,14,3,0.1855,0.225,11,1
2014-09-16,Alabama,10.729167,30.6,18,28,0.019583,0.037,9,34,0.55,2.35,8,3,0.2364775,0.455,7.5,2.5
2014-09-17,Alabama,6.670833,25.6,23,24,0.024042,0.04,9,37,0.8162339999999999,4.35,22.5,3.5,0.135682,0.185,2.5,1
2014-09-18,Alabama,15.883333,30,21,28,0.024917,0.044,10,41,3.3116885,9.65,9,9.5,0.17174250000000002,0.23500000000000001,4.5,1
2014-09-19,Alabama,7.804167,17.2,5,16,0.032125,0.046,9,43,1.2724025,8.3,4,7,0.185189,0.23500000000000001,9.5,1
2014-09-20,Alabama,8.141667,29.7,21,27,0.025375,0.044,8,41,0.5577920000000001,4.35,23,3.5,0.1679165,0.41000000000000003,22.5,1.5
2014-09-21,Alabama,7.854167,20.6,0,19,0.029042,0.048,10,44,0.9883115,3.5,4,3,0.26238649999999997,0.56,4.5,3
2014-09-22,Alabama,4.790476,15,5,14,0.030833,0.043,10,40,0.4766235,1.9500000000000002,10.5,1.5,0.11397750000000001,0.195,3,1
2014-09-23,Alabama,6.9,20.7,6,19,0.036583,0.05,10,46,1.816883,8.35,19,8.5,0.127533,0.19,20,1
2014-09-24,Alabama,8.7875,30.3,22,28,0.029208,0.048,10,44,1.9005555,6.35,19.5,5,0.168611,0.36,22.5,1.5
2014-09-25,Alabama,16.191667,36.5,22,34,0.026667,0.049,10,45,3.7185065,7.25,4.5,5.5,0.2316665,0.43000000000000005,12.5,2.5
2014-09-26,Alabama,9.828571,23.7,3,22,0.022458,0.034,10,31,1.087987,4.2,7,3.5,0.174432,0.32499999999999996,3,1.5
2014-09-27,Alabama,7.775,22.6,20,21,0.019292,0.031,10,29,0.2925325,2,23,1.5,0.13087100000000002,0.225,11,1
2014-09-28,Alabama,6.6125,22.9,0,21,0.024917,0.035,9,32,0.41785700000000003,1.85,4,1.5,0.12958350000000002,0.19,1,1
2014-09-29,Alabama,7.233333,14.2,22,13,0.022583,0.033,9,31,1.327381,5.7,9,6.5,0.1740835,0.26,15.5,1
2014-09-30,Alabama,11.845833,31.4,20,29,0.019,0.041,10,38,1.4535715,4.8,23,4.5,0.219524,0.465,23,2.5
2014-10-01,Alabama,15.279167,33.1,8,31,0.026667,0.053,10,49,1.9127779999999999,8.35,22.5,7,0.35121199999999997,0.7050000000000001,5.5,3.5
2014-10-02,Alabama,10.9125,23.4,6,22,0.023,0.035,9,32,1.23474,3.75,10,3.5,0.16733350000000002,0.31,3,1
2014-10-03,Alabama,7.275,25.4,6,24,0.030458,0.038,9,35,0.09026,0.30000000000000004,5.5,0,0.1313635,0.22,7.5,1
2014-10-04,Alabama,3.595833,10.1,18,9,0.024667,0.034,10,31,0.1857145,0.35,7.5,0,0.10250000000000001,0.14,11.5,0.5
2014-10-05,Alabama,8.9,21.6,1,20,0.029708,0.039,9,36,1.0584419999999999,4.949999999999999,7.5,4.5,0.18553,0.33499999999999996,3.5,1.5
2014-10-06,Alabama,8.07619,17.9,6,16,0.036875,0.042,8,39,0.6119045,1.35,9.5,0.5,0.1343455,0.20500000000000002,6.5,1
2014-10-07,Alabama,7.316667,16.5,21,15,0.034542,0.045,9,42,0.664935,1.6,22,1.5,0.12726949999999998,0.22,12,1
2014-10-08,Alabama,8.570833,21.6,6,20,0.029917,0.044,9,41,0.8474999999999999,2.85,14,2,0.1605,0.30000000000000004,7.5,1
2014-10-09,Alabama,18.745833,35.3,22,33,0.020208,0.044,9,41,1.325325,2.85,7,2,0.315606,0.53,7,2.5
2014-10-10,Alabama,9.495833,31.5,0,29,0.020708,0.03,8,28,0.5551945,1.9,4,1.5,0.167689,0.385,11.5,3
2014-10-11,Alabama,9.195833,22.7,19,21,0.016708,0.034,9,31,0.3626625,0.65,7.5,0,0.2161365,0.54,19.5,2.5
2014-10-12,Alabama,7.125,16.1,21,15,0.022583,0.034,9,31,0.7324675,2.7,20,2,0.189394,0.445,2.5,3
2014-10-13,Alabama,4.029167,6.5,17,6,0.026375,0.03,21,28,0.1291665,0.55,5.5,0,0.1043055,0.175,6.5,1
2014-10-14,Alabama,6.445833,15.4,22,14,0.021167,0.028,0,26,0.325325,0.75,14,0,0.1329545,0.305,8,1
2014-10-15,Alabama,6.9875,16.6,3,15,0.024083,0.033,9,31,0.2275,0.6000000000000001,9.5,0,0.15,0.32999999999999996,6.5,1.5
2014-10-16,Alabama,11.729167,29.9,19,27,0.017833,0.036,9,33,0.2155845,0.4,4,0,0.1997725,0.47000000000000003,20.5,2.5
2014-10-17,Alabama,14.125,37,19,35,0.028125,0.057,10,58,0.8766235,2.1,10.5,1.5,0.38678,0.7849999999999999,6.5,4
2014-10-18,Alabama,6.795833,33.1,2,31,0.029167,0.039,9,36,0.232143,0.6499999999999999,10.5,0,0.1570835,0.38,1.5,2.5
2014-10-19,Alabama,7.329167,21.3,20,20,0.017542,0.034,9,31,2.3685065,9.8,9.5,8.5,0.14750000000000002,0.355,22,1.5
2014-10-20,Alabama,13.636364,33.2,19,31,0.017792,0.043,10,40,1.1266665,2.5999999999999996,10,1.5,0.337611,0.55,15.5,3
2014-10-21,Alabama,12.383333,30.4,22,28,0.020667,0.043,9,40,1.5399349999999998,7.8,8,6.5,0.2776645,0.505,4,3
2014-10-22,Alabama,8.691667,20.3,0,19,0.021125,0.033,9,31,1.1954544999999999,4.65,10,3.5,0.16231099999999998,0.28500000000000003,3,1.5
2014-10-23,Alabama,8.966667,21.1,18,20,0.017417,0.031,9,29,1.512013,9,11,9.5,0.170189,0.245,9,1
2014-10-24,Alabama,11.041667,30.1,22,28,0.019708,0.041,10,38,0.825649,3,6.5,3,0.20401550000000002,0.38,22,1.5
2014-10-25,Alabama,17.2125,36.8,20,34,0.017333,0.046,9,43,1.8353895,8.7,8,7,0.44708349999999997,0.98,21,4.5
2014-10-26,Alabama,12.091667,26.2,18,25,0.02075,0.056,9,54,1.216234,3.6,11,3,0.516591,0.885,3.5,5
2014-10-27,Alabama,11.625,33,19,31,0.028708,0.046,9,43,1.5183335,5.25,8,5,0.355389,0.7849999999999999,4,4
2014-10-28,Alabama,14.129167,31.3,22,29,0.02625,0.044,8,41,0.5298705,1.95,11,1.5,0.221061,0.355,5,1.5
2014-10-29,Alabama,12.216667,29.5,7,27,0.014958,0.028,10,26,0.1516665,0.25,16.5,0,0.20178000000000001,0.355,3.5,1.5
2014-10-30,Alabama,11.6125,24,20,23,0.014375,0.036,9,33,0.7308335,2.3,8,1.5,0.31651549999999995,0.78,5,3
2014-10-31,Alabama,9.391667,30.7,8,28,0.022,0.035,10,32,2.439935,12.5,10,12,0.285379,0.645,7,3.5
2014-11-01,Alabama,4.516667,20.4,21,19,0.019458,0.029,8,27,0.4857145,1.1,4,0.5,0.1150755,0.24000000000000002,21.5,1
2014-11-02,Alabama,11.029167,31.5,20,29,0.015667,0.036,9,33,1.9844154999999999,11.75,8,12,0.1911365,0.38,21.5,1.5
2014-11-03,Alabama,22.345455,38.2,18,36,0.013708,0.034,9,31,2.7166665,17.5,7.5,18,0.3115,0.45,3.5,2.5
2014-11-04,Alabama,17.070833,30.9,19,28,0.029875,0.043,9,40,1.8717535,3.8,11,3,0.29409399999999997,0.43000000000000005,10.5,2.5
2014-11-05,Alabama,15.8875,30.2,17,28,0.020458,0.031,0,29,1.8607144999999998,3.95,11.5,3,0.2642045,0.38,9,1.5
2014-11-06,Alabama,5.166667,13.2,0,12,0.031208,0.037,9,34,0.406169,3.05,2.5,3.5,0.1285225,0.24,2,1.5
2014-11-07,Alabama,7.15,23.8,21,22,0.020083,0.032,9,30,0.409091,1.4,10.5,0.5,0.1657955,0.48000000000000004,23,2.5
2014-11-08,Alabama,13.141667,29,18,27,0.020458,0.033,9,31,1.050974,2.7,8,2,0.35181799999999996,0.6699999999999999,4,3.5
2014-11-09,Alabama,8.870833,26.2,18,25,0.015917,0.032,9,30,1.3396105,12,10.5,11.5,0.24053,0.6,21.5,3
2014-11-10,Alabama,11.279167,29.1,8,27,0.027708,0.038,11,35,1.5408335,3.1,11.5,3,0.290361,0.615,4.5,3.5
2014-11-11,Alabama,14.641667,33.3,7,31,0.027583,0.045,9,42,2.0457795,5.15,21.5,4.5,0.2554165,0.39,6.5,1.5
2014-11-12,Alabama,5.091667,19.4,0,18,0.013333,0.018,18,17,0.1738095,0.65,7,0.5,0.133788,0.22499999999999998,4,1.5
2014-11-13,Alabama,3.558333,6.4,6,6,0.02125,0.025,14,23,0.45551949999999997,0.85,7,0.5,0.101818,0.115,3.5,0.5
2014-11-14,Alabama,5.866667,14,19,13,0.020792,0.028,8,26,0.637013,1.8,4,1.5,0.1182955,0.195,19.5,1
2014-11-15,Alabama,8.116667,17.3,6,16,0.027,0.034,19,31,1.3,4.4,10.5,3.5,0.176932,0.23500000000000001,9,1
2014-11-16,Alabama,6.091667,13.9,17,12,0.024667,0.031,0,29,1.258117,6.8500000000000005,7,5.5,0.1470455,0.185,6.5,1
2014-11-17,Alabama,3.918182,8.2,2,8,0.024833,0.033,14,31,0.305,0.95,13,0.5,0.12083350000000001,0.18,5.5,1
2014-11-18,Alabama,13.545833,36,18,34,0.019917,0.037,8,34,0.5977275,1.4,4,0.5,0.279532,0.8049999999999999,22.5,4
2014-11-19,Alabama,18.7375,36.3,7,34,0.025833,0.036,9,33,1.3207795,2.2,11,1.5,0.463939,1.0350000000000001,7,5.5
2014-11-20,Alabama,18.9625,44.9,18,42,0.0215,0.045,8,42,2.2094155,5.9,22,5,0.31064400000000003,0.665,20,3.5
2014-11-21,Alabama,20.295833,38.7,17,36,0.023708,0.042,8,39,2.765,6.1,10.5,5.5,0.2978865,0.5349999999999999,1,3.5
2014-11-22,Alabama,8.870833,24.6,1,23,0.036042,0.044,9,41,2.0233765,8.15,16.5,7,0.15833350000000002,0.265,1.5,1.5
2014-11-23,Alabama,3.5375,7.2,5,7,0.030333,0.035,15,32,0.143831,0.30000000000000004,2.5,0,0.106591,0.12000000000000001,2,0.5
2014-11-24,Alabama,5.254167,11.7,19,10,0.025333,0.031,7,29,0.2891665,1.1,10,0.5,0.124889,0.22,19.5,1
2014-11-25,Alabama,7.925,19.8,6,18,0.02375,0.034,9,31,0.636905,2.65,22.5,2,0.1800755,0.36,7,1.5
2014-11-26,Alabama,8.009091,17.3,6,16,0.026125,0.033,13,31,0.6714285,1.2000000000000002,16.5,0.5,0.1511745,0.2,6.5,1
2014-11-27,Alabama,5.479167,18.5,3,17,0.019417,0.022,9,20,0.4694805,0.7,11.5,0,0.1352275,0.20500000000000002,12.5,1
2014-11-28,Alabama,9.6,27.8,20,25,0.024417,0.034,9,31,2.8775975000000003,11.75,23,10,0.1835225,0.43499999999999994,20,1.5
2014-11-29,Alabama,8.375,13.8,0,12,0.028875,0.033,20,31,2.435065,9.05,4,10,0.1977275,0.325,1.5,2.5
2014-11-30,Alabama,4.391667,14.6,19,13,0.030542,0.037,9,34,0.4623375,1.05,22.5,0.5,0.1302275,0.21500000000000002,9,1
2014-12-01,Alabama,12.938095,31.1,17,29,0.013833,0.028,8,26,0.33333349999999995,0.55,5.5,0,0.3781945,0.88,20,4.5
2014-12-02,Alabama,11.616667,24.3,7,23,0.013292,0.029,9,27,0.527059,1.5,11,1.5,0.505147,0.815,3,4.5
2014-12-03,Alabama,10.629167,25.7,18,24,0.012708,0.029,9,27,2.037987,16.1,11,15.5,0.2777305,0.5549999999999999,20,2.5
2014-12-04,Alabama,17.025,31.4,17,29,0.012583,0.03,9,28,1.5487009999999999,5.050000000000001,10,4.5,0.36674249999999997,0.81,19.5,3.5
2014-12-05,Alabama,10.829167,24.6,0,23,0.021083,0.03,10,28,0.6853895000000001,1.6,9.5,1.5,0.2035225,0.515,3,4
2014-12-06,Alabama,3.566667,9.4,8,8,0.025583,0.03,15,28,0.0883115,0.25,11,0,0.136932,0.26,7,1
2014-12-07,Alabama,3.283333,15,20,14,0.027375,0.033,8,31,1.0629870000000001,4.6,20,3.5,0.11965899999999999,0.195,20,1
2014-12-08,Alabama,15.154167,31.3,17,29,0.012222,0.026,8,24,1.4058335,5,16.5,4.5,0.28,0.665,22.5,3
2014-12-09,Alabama,8.5625,29.9,0,27,0.021583,0.034,10,31,0.4944805,1.1,10,0.5,0.203409,0.47,3.5,3.5
2014-12-10,Alabama,9.091667,16.7,6,15,0.012083,0.021,9,19,0.7578944999999999,1.45,7.5,1.5,0.195303,0.33499999999999996,6.5,1.5
2014-12-11,Alabama,11.241667,22.2,21,21,0.012833,0.025,11,23,1.0977275,2.05,10,1.5,0.2109845,0.32999999999999996,21.5,1.5
2014-12-12,Alabama,16.891667,33.4,17,31,0.011333,0.028,9,26,1.1279219999999999,1.7,4,1.5,0.38886350000000003,0.865,19.5,4
2014-12-13,Alabama,10.704167,24.6,2,23,0.021083,0.037,12,34,1.148701,2.65,10.5,1.5,0.300038,0.7150000000000001,1,4.5
2014-12-14,Alabama,9.583333,24.6,21,23,0.021417,0.039,9,36,0.6230519999999999,1.2000000000000002,10,0.5,0.225,0.55,22.5,2.5
2014-12-15,Alabama,15.038095,29.3,15,27,0.019583,0.031,19,29,2.295,5.1,11,3.5,0.306139,0.645,2,3.5
2014-12-16,Alabama,7.05,17.9,22,16,0.014458,0.025,0,23,0.4916665,0.6,4,0,0.180682,0.51,21.5,2.5
2014-12-17,Alabama,9.729167,17.5,18,16,0.008042,0.016,9,15,0,0,0,0,0.2394445,0.41500000000000004,9.5,3
2014-12-30,Alabama,5.5625,11.4,19,10,0.015375,0.022,9,20,-0.0055555,0.05,16,0,0.19289450000000002,0.245,8.5,1
2014-12-31,Alabama,9.370833,22.5,18,21,0.014737,0.021,9,19,0.4141665,3.6,10.5,3.5,0.2414015,0.5,20.5,2.5
2015-01-01,Alabama,13.916667,22.9,21,21,0.014167,0.023,9,21,1.4666665,2.5,7,1.5,0.234706,0.33499999999999996,6,1.5
2015-03-02,Alabama,8.975,16.5,22,15,0.011556,0.016,10,15,0.6875,1.15,23,0.5,0.22483350000000002,0.32,7,1.5
2015-03-03,Alabama,14.1625,18.6,4,17,0.00775,0.017,21,16,0.8457794999999999,2.15,22.5,1.5,0.2738255,0.44499999999999995,12.5,1.5
2015-03-04,Alabama,5.270833,11.2,18,10,0.018667,0.023,9,21,0.222222,0.95,13,0.5,0.09511349999999999,0.2,6,1
2015-03-05,Alabama,3.225,4.5,3,4,0.034167,0.04,17,37,0.13474,0.4,22,0,0.13344699999999998,0.18,1,1
2015-03-06,Alabama,5.9625,20.1,23,19,0.031458,0.042,10,39,1.1166665,1.4,6,0.5,0.16602250000000002,0.24000000000000002,15,1
2015-03-09,Alabama,9.84,21.4,5,20,0.030583,0.039,8,36,0.5,1.25,15,0.5,0.20350000000000001,0.255,3,1
2015-03-10,Alabama,7.55,14.7,22,13,0.023333,0.029,0,27,0.1458335,0.44999999999999996,8.5,0,0.177841,0.22,3.5,1
2015-03-11,Alabama,9.508333,21.6,19,20,0.022125,0.038,10,35,0.33499999999999996,0.55,15.5,0,0.185278,0.42500000000000004,20.5,1.5
2015-03-12,Alabama,7.695833,12.6,6,11,0.019375,0.028,23,26,1.0679825,2.7,14.5,2,0.1967425,0.275,2,1.5
2015-03-13,Alabama,5.604167,9.1,0,8,0.028625,0.035,5,32,2.4029220000000002,27.95,7.5,28.5,0.1391665,0.185,7.5,1
2015-03-14,Alabama,6.766667,15.7,21,14,0.017125,0.026,10,24,0.309091,0.7,11,0,0.1789775,0.33499999999999996,16,1
2015-03-15,Alabama,8.691667,26.8,22,25,0.021375,0.043,10,40,0.9675325,4.5,9.5,4.5,0.23515149999999999,0.595,20.5,3
2015-03-16,Alabama,17.233333,39.2,19,37,0.021292,0.046,10,43,5.7583335,36.2,8,31,0.34897199999999995,0.635,4,3.5
2015-03-17,Alabama,9.854167,24.4,0,23,0.033125,0.046,12,43,0.643831,1.35,7.5,0.5,0.31428,0.75,6,3.5
2015-03-18,Alabama,7.329167,14.3,23,13,0.037,0.05,10,46,3.9458335,17.6,10.5,13.5,0.176591,0.24000000000000002,9,1
2015-03-19,Alabama,11.708333,30.9,6,28,0.019042,0.031,9,29,0.5922080000000001,1.85,7.5,1.5,0.247841,0.41000000000000003,6,1.5
2015-03-20,Alabama,9.5375,15.1,2,14,0.014625,0.025,23,23,0.6045455,1.9500000000000002,10,1.5,0.20325749999999998,0.28500000000000003,5,1.5
2015-03-21,Alabama,5.2,13,21,12,0.026875,0.034,8,31,3.198701,18.4,11,13.5,0.1602275,0.24000000000000002,10.5,1
2015-03-22,Alabama,7.308333,16.1,5,15,0.034458,0.039,11,36,0.687987,1.7,4,0.5,0.1348485,0.195,11,1
2015-03-23,Alabama,9.695455,28.6,20,26,0.025875,0.045,9,42,1.1708335,3.8,8,3,0.2030835,0.495,23,2.5
2015-03-24,Alabama,10.070833,21.5,7,20,0.024292,0.036,9,33,2.2957795,6.4,11,4.5,0.29605000000000004,0.605,5,3.5
2015-03-25,Alabama,7.122727,16.9,20,15,0.03325,0.043,10,40,0.5113635000000001,0.95,7.5,0.5,0.185,0.21500000000000002,3.5,1
2015-03-26,Alabama,5.7375,14.8,6,13,0.031917,0.042,8,39,0.289935,0.75,4,0,0.17928,0.21000000000000002,3,1
2015-03-27,Alabama,3.0125,9,21,8,0.032792,0.04,11,37,0.467208,0.8,5.5,0,0.1267045,0.19,11.5,1
2015-03-28,Alabama,3.295833,8.6,23,8,0.033458,0.044,9,41,0.53474,1.45,4,0.5,0.140341,0.21500000000000002,11.5,1
2015-03-29,Alabama,8.391667,30.3,3,28,0.038708,0.046,10,43,2.510065,11,10.5,9.5,0.17178,0.265,1,1
2015-03-30,Alabama,9.266667,30.8,22,28,0.027083,0.045,9,42,0.7191665,3.05,22.5,2,0.236861,0.51,22,2.5
2015-03-31,Alabama,16.354167,33.4,7,31,0.023167,0.037,9,34,2.125,6.35,5.5,5,0.420568,1.105,6,4.5
2015-04-01,Alabama,13.929167,38.2,20,36,0.03075,0.055,10,51,0.22722199999999998,1.2,15.5,1.5,0.253788,0.465,22,2.5
2015-04-02,Alabama,11.816667,28.7,0,26,0.028083,0.035,20,32,0.255844,2.45,19.5,2,0.213561,0.34,7,2.5
2015-04-03,Alabama,4.7625,12.1,20,11,0.035208,0.041,10,38,0.177381,0.75,19.5,0,0.1651135,0.225,9.5,1
2015-04-04,Alabama,2.9,15.1,23,14,0.030708,0.041,10,38,0.1951295,0.55,13,0,0.140038,0.25,11.5,1
2015-04-05,Alabama,7.5875,22.9,1,21,0.037833,0.048,9,44,0.83474,4.699999999999999,4,3.5,0.169962,0.23500000000000001,9.5,1
2015-04-06,Alabama,10.718182,23.9,6,22,0.022667,0.028,0,26,0.34833349999999996,1.1,7.5,0.5,0.20425,0.265,7.5,1
2015-04-07,Alabama,9.575,19.3,6,18,0.016,0.032,8,30,0.2275975,0.5,11.5,0,0.2611115,0.565,21.5,2.5
2015-04-08,Alabama,10.7625,21,23,20,0.018292,0.034,9,31,0.6954545,2.7,10,2,0.3129165,0.64,3.5,3
2015-04-09,Alabama,5.8375,20.5,0,19,0.027458,0.033,10,31,0.2275975,0.75,7,0.5,0.19874999999999998,0.305,9.5,2.5
2015-04-10,Alabama,4.125,9.4,18,8,0.022833,0.03,8,28,0.0857145,0.5,22,0,0.14575749999999998,0.225,9,1
2015-04-11,Alabama,7.7375,29.6,22,27,0.029083,0.05,9,46,3.1386365,13.350000000000001,7.5,12,0.2010225,0.41000000000000003,22,1.5
2015-04-12,Alabama,9.733333,23.2,1,22,0.0255,0.039,8,36,3.110065,5.800000000000001,18,4.5,0.255303,0.42500000000000004,1.5,2.5
2015-04-13,Alabama,8.6625,17.9,6,16,0.016458,0.022,21,20,0.2,1.35,5.5,1.5,0.1530555,0.20500000000000002,11,1
2015-04-14,Alabama,7.375,17.4,22,16,0.023833,0.034,8,31,0.209091,0.7,19,0,0.171553,0.22,14,1
2015-04-15,Alabama,9.2375,23.4,20,22,0.029042,0.046,11,43,0.3521055,1.55,7.5,1.5,0.2029925,0.355,6.5,1.5
2015-04-16,Alabama,7.008333,14.4,19,13,0.011833,0.017,0,16,0.5743510000000001,3.7,4,3.5,0.19568200000000002,0.22,7.5,1
2015-04-17,Alabama,7.3125,13.4,6,12,0.010708,0.014,19,13,0.032467499999999996,0.15000000000000002,4,0,0.20477250000000002,0.23,9,1
2015-04-18,Alabama,6.495833,15.1,18,14,0.016458,0.024,23,22,0.381169,1.7999999999999998,14,1.5,0.1975,0.225,9,1
2015-04-19,Alabama,5.570833,23.1,19,22,0.031167,0.037,10,34,0.0022725,0.05,8,0,0.143068,0.245,9.5,1
2015-04-20,Alabama,5.52381,19.9,5,18,0.036417,0.052,9,48,0.1,0.85,7.5,0.5,0.146222,0.24000000000000002,3,1
2015-04-21,Alabama,13.05,42.5,20,40,0.024042,0.048,10,44,0.025263,0.2,4,0,0.2195395,0.485,21.5,2.5
2015-04-22,Alabama,11.583333,31.2,6,29,0.0325,0.05,11,46,0.3298705,1.05,5,0.5,0.262538,0.465,2.5,2.5
2015-04-23,Alabama,10.175,32.3,21,30,0.023625,0.037,10,34,0.5626625000000001,4.15,8,3.5,0.199053,0.365,21.5,1.5
2015-04-24,Alabama,12.008333,26.7,18,25,0.038667,0.053,9,49,1.656169,6,4,5,0.2204925,0.33999999999999997,9,1.5
2015-04-25,Alabama,7.295833,18.3,20,17,0.0215,0.031,0,29,-0.025974,0.39999999999999997,4,0,0.218106,0.41000000000000003,19.5,1.5
2015-04-26,Alabama,3.891667,12.2,0,11,0.031417,0.043,10,40,-0.07889650000000001,0.1,8,0,0.1335225,0.22499999999999998,1,1.5
2015-04-27,Alabama,4.6,13.7,18,12,0.034833,0.047,9,44,1.1600000000000001,6.449999999999999,8,6.5,0.15825,0.255,15,1
2015-04-28,Alabama,6.066667,16,6,15,0.035,0.046,7,43,0.5951295,5,7,5,0.19068200000000002,0.225,2.5,1
2015-04-29,Alabama,8.741667,33.2,20,31,0.02725,0.048,10,44,0.47416650000000005,4.4,10,4.5,0.2322725,0.525,21,2.5
2015-04-30,Alabama,8.590476,22.1,6,21,0.040708,0.057,10,58,0.2766235,0.9,11,0.5,0.2210985,0.42500000000000004,3,2.5
2015-05-01,Alabama,7.6375,32.8,23,30,0.032792,0.055,10,51,0.24285700000000002,0.95,7,0.5,0.188447,0.395,23,1.5
2015-05-02,Alabama,13.704167,28,1,26,0.029625,0.061,10,71,4.6016235000000005,24.55,7.5,18.5,0.2970075,0.47500000000000003,11,2.5
2015-05-03,Alabama,13.8125,35.1,23,33,0.030458,0.06,9,67,2.9386365,11.2,7,9.5,0.324621,0.52,4,3
2015-05-04,Alabama,18.63,38.9,22,36,0.029583,0.063,10,77,3.476389,8.2,14.5,7,0.306,0.5549999999999999,4,3
2015-05-05,Alabama,16.979167,36.3,22,34,0.025792,0.052,9,48,3.2746750000000002,12.100000000000001,11.5,10,0.333137,0.51,3.5,3
2015-05-06,Alabama,16.341667,34.8,22,32,0.025292,0.051,9,47,2.8808439999999997,9.9,11.5,8,0.2729165,0.5,11.5,2.5
2015-05-07,Alabama,17.5875,37.4,22,35,0.028292,0.059,9,64,6.317857,25.2,7,25.5,0.31651549999999995,0.5349999999999999,12,3
2015-05-08,Alabama,20.358333,48.5,21,45,0.034125,0.077,10,122,8.1059525,23.55,5,21.5,0.37178,0.645,11,3
2015-05-09,Alabama,16.470833,37.7,22,35,0.033042,0.071,10,101,6.2074675,18.45,4.5,14.5,0.376061,0.6,3,3.5
2015-05-10,Alabama,14.954167,34.6,0,32,0.031875,0.06,8,67,3.1396105,11.35,2.5,10,0.3573485,0.56,12.5,3
2015-05-11,Alabama,11.541667,34.9,1,32,0.024583,0.042,7,39,1.235263,9.6,7,12,0.22422199999999998,0.42000000000000004,1.5,3
2015-05-12,Alabama,4.554167,13.5,0,12,0.03525,0.047,8,44,0.448701,1.1,15.5,0.5,0.172159,0.22,3.5,1
2015-05-13,Alabama,9.216667,40.1,23,38,0.036833,0.065,10,84,1.7916665,7.1,23,5.5,0.16401549999999998,0.365,22.5,1.5
2015-05-14,Alabama,15.883333,37.5,0,35,0.045375,0.074,9,112,3.625649,13.75,4,10.5,0.25746199999999997,0.41000000000000003,2.5,2.5
2015-05-15,Alabama,7.045833,15.3,19,14,0.028542,0.033,0,31,0.423052,1.05,17,0.5,0.16390149999999998,0.24,3,1.5
2015-05-16,Alabama,5.354167,9.6,21,8,0.022167,0.029,9,27,0.23928549999999998,1.3,23,0.5,0.1398485,0.195,17,1
2015-05-17,Alabama,4.729167,14.4,19,13,0.022,0.034,9,31,0.376299,1.15,20,0.5,0.14079550000000002,0.24000000000000002,9.5,1
2015-05-18,Alabama,7.41,17.2,21,16,0.022875,0.04,9,37,0.3316665,1.55,7,0.5,0.1541945,0.265,10,1
2015-05-19,Alabama,9.841667,31.9,21,29,0.021792,0.042,10,39,0.472078,3.9000000000000004,10,3.5,0.22660799999999998,0.43499999999999994,11,1.5
2015-05-20,Alabama,9.1875,25.7,0,24,0.02925,0.046,8,43,1.5792205,7.95,5.5,7,0.2514775,0.47,2.5,3
2015-05-21,Alabama,2.471429,5.9,4,5,0.027208,0.031,15,29,0.0603895,0.44999999999999996,7,0,0.117311,0.18,2.5,1
2015-05-22,Alabama,7.033333,27.5,22,25,0.029958,0.049,11,45,1.7935065,5.6,15.5,4.5,0.1460985,0.36,23,1.5
2015-05-23,Alabama,10.225,26,0,25,0.043667,0.059,11,64,2.092208,5.45,2.5,5,0.2310225,0.365,10.5,1.5
2015-05-24,Alabama,4.966667,21.3,20,20,0.035292,0.043,0,40,1.2003249999999999,3.8,15.5,3.5,0.15511350000000002,0.265,9.5,1.5
2015-05-25,Alabama,4.529167,14.8,22,13,0.024958,0.035,0,32,0.3158335,2.15,4,2,0.12658350000000002,0.2,6.5,1
2015-05-26,Alabama,5.841667,16.8,2,15,0.018875,0.023,14,21,0.29512950000000004,0.7,4,0,0.11693200000000001,0.185,10.5,1
2015-05-27,Alabama,5.579167,11.2,20,10,0.022667,0.031,10,29,0.4298705,2.25,16.5,2,0.108182,0.18,7.5,0.5
2015-05-28,Alabama,13.244444,20.1,6,19,0.019125,0.025,8,23,1.1641664999999999,2.75,16.5,2,0.15875,0.245,6,1
2015-06-01,Alabama,11.4,15.3,4,14,0.02675,0.041,9,38,0.5925,1.5,19,0.5,0.1801665,0.22,13.5,1
2015-06-03,Alabama,4.246667,14,19,13,0.026042,0.043,10,40,0.281169,2.3,8,1.5,0.1783335,0.21500000000000002,10,1
2015-06-04,Alabama,8.566667,20.6,23,19,0.028542,0.05,9,46,0.7022725,2,5,1.5,0.1969745,0.265,10.5,1
2015-06-05,Alabama,11.679167,36.3,22,34,0.034625,0.062,10,74,2.4126625,6.95,8,5,0.20575749999999998,0.315,12,1.5
2015-06-06,Alabama,9.854167,33,22,31,0.035625,0.061,9,71,4.1334420000000005,30.8,7.5,27.5,0.24011349999999998,0.395,12,1.5
2015-06-07,Alabama,11.666667,30.6,0,28,0.041833,0.066,9,87,4.601299,29.25,7,26,0.271439,0.44,2,2.5
2015-06-08,Alabama,5.133333,10.4,21,9,0.033556,0.042,8,39,0.63,2.8499999999999996,8,2,0.1945835,0.26,3,1.5
2015-06-09,Alabama,5.9375,15.7,22,14,0.035375,0.059,9,64,0.406818,1.05,5.5,0.5,0.185341,0.29000000000000004,3.5,1
2015-06-10,Alabama,12.320833,23,1,22,0.029208,0.058,9,61,0.32499999999999996,1.5,16.5,1.5,0.22863650000000002,0.365,6,1.5
2015-06-11,Alabama,12.145833,27.7,20,25,0.026208,0.043,7,40,0.8373375,2.4000000000000004,22.5,1.5,0.22651549999999998,0.315,20,1.5
2015-06-12,Alabama,5.309524,9.7,22,8,0.025167,0.037,6,34,0.5064934999999999,2.05,22.5,1.5,0.129811,0.255,8.5,1.5
2015-06-13,Alabama,4.879167,11.7,5,10,0.01725,0.027,8,25,0.308766,0.75,10.5,0,0.11390149999999999,0.185,10,1
2015-06-14,Alabama,7.7,20,22,19,0.01675,0.03,10,28,0.5766235,3.3,23,3,0.130568,0.25,22,1
2015-06-15,Alabama,12.640909,26.5,21,25,0.020833,0.045,9,42,1.33,6.95,4,8,0.2318335,0.4,11.5,1.5
2015-06-16,Alabama,10.291667,21.1,22,20,0.024458,0.05,9,46,1.4227275000000001,5.65,10,5,0.2779545,0.43000000000000005,3.5,2.5
2015-06-17,Alabama,12.208333,24.4,6,23,0.022292,0.045,8,42,2.937987,13.25,5,10.5,0.278939,0.51,6.5,3
2015-06-18,Alabama,8.008333,20.9,4,19,0.022208,0.035,9,32,1.0483765,4.8,4,3.5,0.21662900000000002,0.45,3,2.5
2015-06-19,Alabama,4.57619,13.1,0,12,0.019167,0.025,7,23,1.1071430000000002,3.8000000000000003,22.5,3,0.144811,0.20500000000000002,3.5,1
2015-06-20,Alabama,4.395833,11.4,23,10,0.019333,0.03,11,28,0.5204545,1.1,12.5,0.5,0.18928,0.365,20,1.5
2015-06-21,Alabama,5.620833,17.5,0,16,0.01525,0.026,7,24,0.33214299999999997,0.6499999999999999,4,0,0.168447,0.305,1,1.5
2015-06-22,Alabama,8.4375,27,23,25,0.025333,0.048,7,44,0.6058334999999999,3.8499999999999996,7,3.5,0.2024445,0.39,22,1.5
2015-06-23,Alabama,9.020833,24.9,0,23,0.027333,0.042,10,39,0.6788965,3.05,7,3,0.23962099999999997,0.46,3.5,2.5
2015-06-24,Alabama,4.929167,15.3,5,14,0.04375,0.06,10,67,0.8375,2.25,13.5,1.5,0.12333350000000001,0.185,3,1
2015-06-25,Alabama,14.275,32.1,20,30,0.027,0.053,8,49,0.201948,0.55,5,0,0.3097345,0.915,21.5,3.5
2015-06-26,Alabama,10.254167,22.9,5,21,0.027625,0.04,8,37,0.3042205,1.0499999999999998,10,0.5,0.27242449999999996,0.705,6.5,4
2015-06-27,Alabama,3.729167,6.9,3,6,0.028583,0.04,10,37,0.23928549999999998,0.55,8.5,0,0.13416650000000002,0.355,6,1
2015-06-28,Alabama,5.25,27.6,22,25,0.03375,0.053,9,49,0.24383100000000002,0.7,15.5,0.5,0.14496199999999998,0.275,20.5,1
2015-06-29,Alabama,9.686364,27.5,6,25,0.034917,0.054,9,50,0.45916650000000003,2.3,7.5,1.5,0.248278,0.49,7.5,2.5
2015-06-30,Alabama,8.125,29.5,8,27,0.030833,0.047,10,44,0.2064935,0.4,11.5,0,0.141389,0.29500000000000004,5.5,1
2015-07-01,Alabama,8.178947,16.6,19,15,0.023458,0.037,10,34,0.2925325,0.55,8.5,0,0.21060600000000002,0.395,4.5,1.5
2015-07-02,Alabama,5.375,9.7,6,8,0.01825,0.024,9,22,0.2464285,0.55,8,0,0.20105,0.795,23,1.5
2015-07-03,Alabama,5.5375,10.3,18,9,0.023792,0.032,9,30,0.6275975,2.8,19,2,0.256061,0.685,3,3
2015-07-04,Alabama,3.8625,7.1,17,7,0.025542,0.036,7,33,0.0883115,0.35,10.5,0,0.1479925,0.21000000000000002,8.5,1
2015-07-05,Alabama,2.916667,6.2,20,6,0.028458,0.04,10,37,0.241558,0.65,11,0,0.154318,0.315,7.5,1
2015-07-06,Alabama,5.566667,15.7,23,14,0.023083,0.036,10,33,0.18916650000000002,0.7,7.5,0,0.1733335,0.24000000000000002,4.5,1
2015-07-07,Alabama,8.220833,16.8,1,15,0.021,0.034,8,31,0.483442,1.2999999999999998,8,0.5,0.27761349999999996,0.64,7.5,2.5
2015-07-08,Alabama,7.8625,19.2,23,18,0.022042,0.036,8,33,0.38,1.15,17,0.5,0.218106,0.645,5,2.5
2015-07-09,Alabama,9.883333,26.2,21,25,0.023208,0.036,9,33,0.24610349999999998,0.9,8,0.5,0.20428000000000002,0.38,13.5,1.5
2015-07-10,Alabama,12.425,30.7,20,28,0.02125,0.042,8,39,0.644156,2.05,8,1.5,0.3464775,0.79,23,3.5
2015-07-11,Alabama,10.291667,22.2,23,21,0.02025,0.038,8,35,0.874351,4.1,7,3,0.409053,0.78,2,4.5
2015-07-12,Alabama,8.020833,24.7,23,23,0.021917,0.04,9,37,1.0454545,5.1,5,4.5,0.317879,0.705,5,4
2015-07-13,Alabama,7.872727,20.9,2,19,0.027583,0.044,9,41,0.1358335,0.30000000000000004,11,0,0.18341649999999998,0.35,2.5,1.5
2015-07-14,Alabama,5.154167,19.5,0,18,0.028083,0.038,9,35,0.141558,0.44999999999999996,7.5,0,0.1414775,0.2,11,1
2015-07-15,Alabama,11.975,35.2,20,33,0.021708,0.043,9,40,0.3766235,2.3,19,2,0.27553,0.46,4.5,2.5
2015-07-16,Alabama,9.289474,29.5,23,27,0.028875,0.054,10,50,2.6383115,14.100000000000001,8,12,0.255568,0.455,11,2.5
2015-07-17,Alabama,13.335294,28.7,0,26,0.035875,0.057,8,58,5.3766235,25.55,7,20,0.336061,0.565,3,3
2015-07-18,Alabama,14.0125,27.6,23,25,0.025833,0.048,8,44,2.2866885000000003,13.6,7,11.5,0.3390155,0.5449999999999999,3.5,3
2015-07-19,Alabama,8.883333,25.5,0,24,0.023917,0.036,7,33,1.1133115,7.25,7,7,0.296856,0.64,4,3.5
2015-07-20,Alabama,6.670833,15.5,21,14,0.026083,0.042,6,39,0.4583335,1.15,7,0.5,0.1996945,0.39,7,1.5
2015-07-21,Alabama,7.966667,24.9,22,23,0.025,0.04,9,37,0.5295455,2.9,20,3,0.186212,0.41000000000000003,3.5,1.5
2015-07-22,Alabama,12.016667,26,20,25,0.030083,0.054,8,50,0.2308335,0.45,10,0,0.2410225,0.37,12,1.5
2015-07-23,Alabama,13.508333,23,5,22,0.014375,0.027,7,25,0.21590900000000002,0.85,8,0.5,0.334561,0.5800000000000001,8,3
2015-07-24,Alabama,10.404167,29.7,18,27,0.018708,0.038,10,35,0.3626625,1.85,16,1.5,0.217841,0.41000000000000003,11.5,1.5
2015-07-25,Alabama,8.283333,24.7,23,23,0.028458,0.049,9,45,4.4204545,34.85,7.5,31,0.2567425,0.435,1,2.5
2015-07-26,Alabama,8.6125,22.7,2,21,0.030083,0.05,8,46,0.852922,4,2.5,3.5,0.246629,0.42500000000000004,13,2.5
2015-07-27,Alabama,15.735294,24.9,20,23,0.021875,0.051,9,47,2.3658335,11.95,7,10.5,0.34313899999999997,0.6599999999999999,8,3
2015-07-28,Alabama,13.618182,32.6,6,30,0.024208,0.051,9,47,1.074351,4.6,7,3.5,0.34325649999999996,0.635,5,3.5
2015-07-29,Alabama,15.161111,32.8,15,30,0.019875,0.035,7,32,0.8133115,3.2,7,2,0.29507550000000005,0.51,3,3
2015-07-30,Alabama,3.775,10.3,6,9,0.038917,0.051,10,47,0.2301945,1.35,10.5,0.5,0.1836365,0.29000000000000004,2.5,1.5
2015-07-31,Alabama,2.8875,8.7,5,8,0.044625,0.056,9,54,0.5113635000000001,1.5499999999999998,12.5,0.5,0.113409,0.12000000000000001,2.5,0.5
2015-08-01,Alabama,4.991667,24.7,22,23,0.03975,0.057,10,58,1.174675,4.3,23,3.5,0.14155299999999998,0.27,16.5,1
2015-08-02,Alabama,8.8375,36.3,23,34,0.034417,0.055,11,51,5.029545499999999,28,7.5,23.5,0.206818,0.405,11.5,1.5
2015-08-03,Alabama,13.9125,31.6,23,29,0.029125,0.052,10,48,5.6775,39.3,8,34.5,0.2456665,0.47500000000000003,11,2.5
2015-08-04,Alabama,19.091667,35.6,22,33,0.041292,0.084,10,147,2.7551945,11.5,7.5,10.5,0.3375,0.585,12,3
2015-08-05,Alabama,12.820833,33.8,2,31,0.03325,0.056,9,54,0.3775,1.35,6,1.5,0.308371,0.6,4.5,3.5
2015-08-06,Alabama,8.954167,17,23,16,0.018125,0.029,10,27,0.150974,0.45,7,0,0.195,0.245,4,1
2015-08-07,Alabama,7.183333,17.1,1,16,0.024167,0.041,10,38,0.0733335,0.35,10,0,0.2027275,0.265,10,1
2015-08-08,Alabama,8.995833,21.9,22,20,0.033917,0.066,9,87,2.0146105,8.45,7.5,7,0.255038,0.395,11.5,1.5
2015-08-09,Alabama,10.775,32,20,30,0.031375,0.057,9,58,1.417857,4.45,8,3.5,0.26147750000000003,0.465,13,2.5
2015-08-10,Alabama,9.013636,22.2,6,21,0.031083,0.044,9,41,1.1066665,3.5,7.5,3,0.2995555,0.7150000000000001,8,3
2015-08-11,Alabama,7.2875,22.4,5,21,0.032042,0.048,9,44,0.17402600000000001,0.45,8,0,0.1642765,0.29500000000000004,4.5,1
2015-08-12,Alabama,5.558333,12.6,5,11,0.036333,0.049,10,45,0.17889650000000001,0.85,10,0.5,0.1710985,0.255,2.5,1
2015-08-13,Alabama,5.125,16,5,15,0.040458,0.059,10,64,1.2957795,10.05,8,10,0.175038,0.23500000000000001,3,1
2015-08-14,Alabama,7.78,13.8,22,12,0.034042,0.051,9,47,0.8717535000000001,3,7.5,2,0.179394,0.23,1,1
2015-08-15,Alabama,7.1625,19.3,2,18,0.033417,0.047,8,44,1.290909,4.85,7,4.5,0.18072,0.275,11,1
2015-08-16,Alabama,5.783333,13.4,17,12,0.02775,0.037,8,34,0.5133114999999999,2.6,17,2,0.1636365,0.22,8.5,1
2015-08-17,Alabama,9.554167,14.1,1,13,0.005,0.018,0,17,0.3491665,1.5499999999999998,7,1.5,0.12583350000000001,0.19,3,1
2015-08-18,Alabama,6.8875,22,19,21,0.003333,0.004,6,4,0.115909,0.44999999999999996,10.5,0,0.1523865,0.4,19.5,1.5
2015-08-19,Alabama,5.1875,10.1,6,9,0.003,0.003,0,3,0.172619,0.5,11.5,0,0.14246199999999998,0.29000000000000004,7,1.5
2015-08-20,Alabama,6.3,16.2,22,15,0.011071,0.024,10,22,0.123052,0.55,7.5,0,0.1460985,0.30000000000000004,15,1
2015-08-21,Alabama,9.9625,25.1,21,24,0.017917,0.041,10,38,1.5305195,9.15,10,8.5,0.225682,0.32999999999999996,4,1.5
2015-08-22,Alabama,9.15,16.6,21,15,0.020917,0.043,9,40,0.6032465,1.4500000000000002,5.5,1.5,0.22859849999999998,0.305,1.5,1.5
2015-08-23,Alabama,6.841667,18.3,22,17,0.023,0.04,9,37,0.19740249999999998,0.55,10.5,0,0.1538255,0.275,11,1
2015-08-24,Alabama,3.769565,9.1,1,8,0.025625,0.039,11,36,0.01,0.05,4,0,0.1925555,0.255,9.5,1.5
2015-08-25,Alabama,5.816667,19.8,22,18,0.028667,0.046,9,43,0.316234,1,11,0.5,0.1670065,0.24000000000000002,10,1
2015-08-26,Alabama,5.97,11.2,22,10,0.032875,0.05,10,46,0.192857,1.0499999999999998,10.5,0.5,0.1845075,0.225,11,1
2015-08-27,Alabama,6.741667,13.3,5,12,0.036667,0.058,10,61,2.556818,10.850000000000001,10,9.5,0.194091,0.25,11.5,1
2015-08-28,Alabama,8.304167,22.6,6,21,0.035,0.049,9,45,1.1801945,7.75,7,7,0.2361365,0.44,5,2.5
2015-08-29,Alabama,6.5125,15.6,4,14,0.029208,0.038,8,35,1.5795455,4.75,7.5,3.5,0.11916650000000001,0.19,10,1
2015-08-30,Alabama,4.6125,11.5,2,10,0.026875,0.037,9,34,0.951299,3.05,12,3,0.17272749999999998,0.22,11.5,1
2015-08-31,Alabama,9.341667,22.2,21,21,0.015944,0.033,10,31,1.4766664999999999,6.55,16,5.5,0.2198055,0.4,22.5,1.5
2015-09-01,Alabama,12.045833,33.4,20,31,0.021292,0.049,9,45,2.9633115,7.550000000000001,7,6.5,0.315871,0.6799999999999999,4,2.5
2015-09-02,Alabama,13.266667,23.2,23,22,0.024042,0.055,10,51,2.0125,7.3,5.5,5.5,0.324432,0.52,4,3
2015-09-03,Alabama,13.9,25.5,1,24,0.021583,0.051,9,47,2.9376625,12.55,7.5,10,0.2832575,0.44,6.5,2.5
2015-09-04,Alabama,11.408333,23.9,21,22,0.027833,0.057,9,58,1.5444805000000001,3.75,5.5,3,0.35295449999999995,0.7,5.5,3.5
2015-09-05,Alabama,10.2375,17.9,5,16,0.027167,0.047,7,44,2.2418829999999996,6.6,17,5.5,0.26704550000000005,0.375,2,2.5
2015-09-06,Alabama,7.25,19.5,22,18,0.028792,0.05,9,46,0.560065,2.4,23,1.5,0.248106,0.46,23,2.5
2015-09-07,Alabama,7.266667,16.2,5,15,0.023375,0.038,9,35,1.3441665,5.45,20,5,0.209389,0.45,10.5,3
2015-09-08,Alabama,8.216667,18.3,3,17,0.022118,0.041,8,38,0.8042205,3.55,4.5,2,0.1789015,0.30000000000000004,2.5,1
2015-09-09,Alabama,14.077273,26.2,0,25,0.020708,0.039,9,36,0.7139610000000001,2.4,8,1.5,0.211316,0.265,3,1
2015-09-10,Alabama,11.475,19.3,19,18,0.016542,0.03,10,28,0.2113635,0.6,10,0,0.240606,0.385,6.5,1.5
2015-09-11,Alabama,8.733333,15.9,21,14,0.027542,0.048,9,44,0.137013,0.35,13.5,0,0.23109849999999998,0.365,2.5,1.5
2015-09-12,Alabama,2.825,8.7,20,8,0.026875,0.035,9,32,0.109091,0.30000000000000004,16.5,0,0.122462,0.175,9,1
2015-09-13,Alabama,5.129167,21.3,21,20,0.021417,0.038,9,35,0.2113635,0.95,23,0.5,0.1445075,0.405,23,1.5
2015-09-14,Alabama,14.464706,30.6,20,28,0.021167,0.046,10,43,2.395,6.9,23,5,0.294639,0.5,12.5,2.5
2015-09-15,Alabama,14.166667,34.2,20,32,0.025583,0.045,9,42,1.304762,4.5,4,4.5,0.264107,0.47,1,3
2015-09-16,Alabama,9.825,26.1,6,25,0.032167,0.05,10,46,0.795,2.85,5.5,2,0.2120455,0.33999999999999997,5,1.5
2015-09-17,Alabama,10.75,23.9,20,22,0.020458,0.041,10,38,1.6727275,7.6499999999999995,5,7,0.211288,0.39,15,1.5
2015-09-18,Alabama,13.2875,31.3,21,29,0.023917,0.054,10,50,1.8457795,6.4,7.5,5,0.298371,0.5,12,2.5
2015-09-19,Alabama,14.516667,33.4,21,31,0.026375,0.061,9,71,1.8107145,4.4,23,3,0.3452275,0.575,11.5,3
2015-09-20,Alabama,9,25.9,2,24,0.026875,0.044,9,41,1.6707795,8.1,8,8,0.287803,0.575,3,3.5
2015-09-21,Alabama,9.222727,17.3,20,16,0.012917,0.026,10,24,0.9383334999999999,4.75,13.5,4.5,0.210778,0.345,23,1.5
2015-09-22,Alabama,8.779167,22.5,22,21,0.024583,0.045,9,42,1.547078,9.85,8,8,0.23578949999999999,0.41500000000000004,3,2.5
2015-09-23,Alabama,10.929167,28.6,21,26,0.02325,0.048,10,44,0.872078,4.5,22,3.5,0.2279925,0.48000000000000004,23,2.5
2015-09-24,Alabama,12.51,29.3,23,27,0.032708,0.052,10,48,1.457792,4.3,9,3.5,0.239962,0.48,1.5,3
2015-09-25,Alabama,7.995833,21.4,0,20,0.029042,0.046,10,43,1.4467535,6.3,10,5,0.1861365,0.21000000000000002,3,1
2015-09-26,Alabama,4.429167,7.9,1,7,0.018708,0.029,9,27,0.6207795,3.95,10,3.5,0.15625,0.185,3,1
2015-09-27,Alabama,4.745833,11.5,0,10,0.01425,0.02,10,19,0.109091,0.30000000000000004,12.5,0,0.134394,0.22,9,1
2015-09-28,Alabama,6.191667,10.1,6,9,0.008333,0.011,9,10,0.10166649999999999,0.25,7,0,0.1535555,0.275,4.5,1
2015-09-29,Alabama,6.029167,11.3,0,10,0.017417,0.033,10,31,0.225325,0.65,7.5,0,0.1339015,0.21000000000000002,6,1
2015-09-30,Alabama,3.633333,7,17,7,0.018792,0.028,9,26,0.0208335,0.15000000000000002,5.5,0,0.115,0.14,3.5,0.5
2015-10-01,Alabama,3.795833,6.2,17,6,0.01025,0.012,0,11,0,0,2.5,0,0.115909,0.13,3.5,0.5
2015-10-02,Alabama,3.258333,5.5,7,5,0.009208,0.011,9,10,0.0022725,0.05,4,0,0.1088635,0.12000000000000001,6.5,0.5
2015-10-03,Alabama,2.816667,5.1,17,5,0.006458,0.008,0,7,0,0,2.5,0,0.110682,0.13,7,0.5
2015-10-04,Alabama,2.154167,4.3,20,4,0.008833,0.016,11,15,0.0045455,0.05,7,0,0.1113635,0.12000000000000001,8,0.5
2015-10-05,Alabama,8.172727,21.7,21,20,0.01,0.026,10,24,1.4191665,6,8,6.5,0.24905549999999999,0.5800000000000001,22.5,3
2015-10-06,Alabama,12.3,34.8,19,32,0.013917,0.036,10,33,0.443831,1.8,16.5,1.5,0.4085525,0.7649999999999999,2.5,4
2015-10-07,Alabama,13.478947,29.4,19,27,0.021708,0.05,10,46,1.9704545,5.4,8,4.5,0.37795449999999997,0.595,1,3.5
2015-10-08,Alabama,13.179167,38.7,23,36,0.031958,0.059,10,64,0.4042205,0.9,22.5,0.5,0.28037900000000004,0.49,2,2.5
2015-10-09,Alabama,13.929167,42.4,0,40,0.027417,0.043,10,40,0.611039,1.8,8,1.5,0.2507955,0.395,3,1.5
2015-10-10,Alabama,4.054167,16.4,22,15,0.018458,0.028,9,26,0.0045455,0.05,6.5,0,0.147121,0.27,11,1
2015-10-11,Alabama,7.908333,20.7,19,19,0.01675,0.039,10,36,1.561039,5.7,14.5,4.5,0.2251135,0.48000000000000004,21.5,2.5
2015-10-12,Alabama,8.454167,24.2,7,23,0.032167,0.041,8,38,0.9,3,8,2,0.288778,0.635,4.5,3
2015-10-13,Alabama,14.025,31.2,6,29,0.022625,0.043,9,40,0.47142850000000003,1.05,4,0.5,0.199053,0.345,6.5,1.5
2015-10-14,Alabama,16.066667,29.5,19,27,0.018042,0.043,10,40,0.8418829999999999,2.5,22,1.5,0.33636350000000004,0.6599999999999999,7,3.5
2015-10-15,Alabama,20.604167,43.2,21,41,0.025708,0.053,9,49,3.8633115,27.25,7.5,25,0.43265149999999997,0.7949999999999999,20.5,3.5
2015-10-16,Alabama,9.183333,28.1,6,26,0.034458,0.047,9,44,0.435,1,13,0.5,0.2226515,0.6399999999999999,3,4
2015-10-17,Alabama,4.425,8.4,5,8,0.032542,0.042,9,39,0.338961,0.75,7.5,0,0.11848449999999999,0.195,10,1
2015-10-18,Alabama,6.504167,20,22,19,0.025917,0.042,10,39,1.307143,3.75,23,3,0.182462,0.39,21.5,1.5
2015-10-19,Alabama,15.827273,37.9,19,35,0.022125,0.042,9,39,1.155,5.3,4,5.5,0.2720555,0.46,10.5,2.5
2015-10-20,Alabama,15.566667,38.4,19,36,0.021375,0.042,9,39,0.552922,0.8500000000000001,20,0,0.288421,0.61,10,3
2015-10-21,Alabama,16.2375,30.4,20,28,0.021542,0.043,9,40,1.535065,4.45,13.5,3.5,0.3324245,0.6699999999999999,3,3
2015-10-22,Alabama,16.258333,31.9,18,29,0.018917,0.039,9,36,1.311039,4.15,7.5,3,0.33806800000000004,0.585,4.5,3
2015-10-23,Alabama,13.92,29.5,19,27,0.021583,0.035,9,32,0.5577920000000001,1.5,7.5,0.5,0.2851515,0.655,10.5,3
2015-10-24,Alabama,6.370833,14.1,23,13,0.025875,0.033,8,31,0.2464285,1.0499999999999998,10.5,0.5,0.1707575,0.375,10.5,3
2015-10-25,Alabama,7.308333,14.9,3,13,0.020417,0.025,8,23,0.474026,1.25,11.5,0.5,0.18795450000000002,0.20500000000000002,4.5,1
2015-10-26,Alabama,5.470833,10.2,12,9,0.019625,0.022,10,20,0.005,0.05,8,0,0.15530549999999999,0.19,3,1
2015-10-27,Alabama,4.6875,9.5,4,8,0.014083,0.017,10,16,0.0975,0.7999999999999999,15,0.5,0.115,0.13,3.5,0.5
2015-10-28,Alabama,9.425,24.4,18,23,0.011583,0.022,9,20,0.1298705,0.35,12.5,0,0.33651549999999997,0.9650000000000001,12,3.5
2015-10-29,Alabama,11.3625,26.1,19,25,0.014083,0.031,9,29,0.1555195,0.35,8,0,0.3888255,1.0750000000000002,2,4.5
2015-10-30,Alabama,14.466667,31.7,23,29,0.016833,0.036,9,33,2.1051945,7,20.5,5.5,0.4458335,1.145,2,4.5
2015-10-31,Alabama,8.2125,24.8,0,23,0.022417,0.026,9,24,0.35974,0.9,7,0.5,0.2697345,1.045,2,4
2015-11-01,Alabama,7.4,11.7,17,10,0.01125,0.016,23,15,0.0022725,0.05,8,0,0.24583349999999998,0.8899999999999999,4,2.5
2015-11-02,Alabama,6.504545,15.6,17,14,0.013708,0.02,3,19,0.1816665,0.5,10,0,0.236361,0.935,2,2.5
2015-11-03,Alabama,6.55,12.5,18,11,0.010417,0.013,8,12,0.4396105,2.35,16,2,0.27001600000000003,0.895,4,2.5
2015-11-04,Alabama,6.8375,16.9,17,15,0.015,0.03,9,28,0.1717535,0.35,10,0,0.230189,0.8600000000000001,2,2.5
2015-11-05,Alabama,5.615789,12.1,18,11,0.012042,0.018,11,17,0.0603895,0.25,10.5,0,0.24371199999999998,0.8700000000000001,2,2.5
2015-11-06,Alabama,8.804762,17.8,16,16,0.01125,0.021,23,19,0.1626625,0.8999999999999999,16.5,0.5,0.191439,0.32,22.5,1.5
2015-11-07,Alabama,2.916667,6.2,6,6,0.019833,0.027,5,25,0.0022725,0.05,2.5,0,0.11723449999999999,0.175,7,1
2015-11-08,Alabama,2.983333,5.5,18,5,0.022125,0.027,9,25,0.413961,1.5499999999999998,6.5,0.5,0.1122725,0.125,9,0.5
2015-11-09,Alabama,4.245833,7.7,6,7,0.018708,0.02,0,19,0.2266665,0.95,13.5,0.5,0.1386665,0.195,7.5,1
2015-11-10,Alabama,8.370833,29.9,17,27,0.014333,0.032,9,30,0.115,0.30000000000000004,16.5,0,0.2754165,0.7749999999999999,20.5,4
2015-11-11,Alabama,10.204167,21.1,17,20,0.015792,0.027,9,25,0.7905845,1.75,19,1.5,0.39749999999999996,0.74,3.5,4
2015-11-12,Alabama,7.341667,16.7,19,15,0.023625,0.031,7,29,0.1646105,1,10,0.5,0.12428,0.19,8.5,1
2015-11-13,Alabama,11.5875,24.4,23,23,0.016917,0.035,9,32,0.08798700000000001,0.55,10,0,0.2475755,0.865,4,2.5
2015-11-14,Alabama,13.8625,31.7,19,29,0.015583,0.037,9,34,1.418831,6.15,10.5,5.5,0.3367425,1.07,2.5,3.5
2015-11-15,Alabama,15.704167,26,18,25,0.0145,0.026,9,24,1.2139609999999998,5.5,13,5,0.36905299999999996,1.15,3,4
2015-11-16,Alabama,11.654545,35,18,33,0.027125,0.036,9,33,0.545,1.1,10,0.5,0.24319449999999998,0.915,2,3
2015-11-17,Alabama,5.675,10,16,9,0.029917,0.033,10,31,0.5717535,1.05,14.5,0.5,0.18333349999999998,0.8600000000000001,2,2.5
2015-11-18,Alabama,10.7,23.9,21,22,0.016792,0.029,0,27,0.19666650000000002,0.75,4,0,0.29060600000000003,0.875,7,3
2015-11-19,Alabama,14.725,29.4,17,27,0.010583,0.025,9,23,1.1,9.25,7.5,12,0.4195455,0.875,23,4
2015-11-20,Alabama,12.695,30.3,18,28,0.020208,0.034,9,31,2.6542205,7.449999999999999,16,7,0.28083349999999996,0.73,9.5,4
2015-11-21,Alabama,6.708333,19.9,5,18,0.028542,0.035,10,32,0.5275974999999999,1.25,4,0.5,0.14465899999999998,0.345,8,3
2015-11-22,Alabama,3.216667,14.2,23,13,0.026875,0.037,9,34,0.3022725,1.65,4,1.5,0.1004545,0.165,11,0.5
2015-11-23,Alabama,19.225,35.8,17,33,0.012125,0.034,8,31,2.0983335,8.8,10.5,8,0.324139,0.665,20.5,3.5
2015-11-24,Alabama,20.508333,34.6,18,32,0.014708,0.033,9,31,4.677922,22.15,8,18.5,0.3850755,0.73,1,4
2015-11-25,Alabama,9.361905,29.5,0,27,0.032167,0.039,9,36,0.937987,2.3499999999999996,2.5,2,0.180606,0.385,3,3.5
2015-11-26,Alabama,5.470833,17.9,18,16,0.031,0.039,9,36,0.308766,0.55,4,0,0.1354545,0.26,18,1
2015-11-27,Alabama,8.945833,23.8,19,22,0.023167,0.036,8,33,0.199675,0.44999999999999996,9.5,0,0.186212,0.435,21,2.5
2015-11-28,Alabama,9.358333,23.3,4,22,0.024375,0.036,8,33,0.36038950000000003,1.15,14,0.5,0.2161745,0.4,1.5,2.5
2015-11-29,Alabama,4.858333,8.6,1,8,0.024917,0.031,8,29,0.3227275,0.95,4,0.5,0.131856,0.24,9,1.5
2015-11-30,Alabama,10.368182,27.9,18,25,0.01875,0.025,9,23,0.5958334999999999,2.2,23,1.5,0.196472,0.37,20,1.5
2015-12-01,Alabama,7.766667,18.1,21,17,0.010042,0.023,0,21,0.052597500000000005,0.8,2.5,0.5,0.17769,0.31,10.5,1.5
2015-12-02,Alabama,7.480952,16,18,15,0.012667,0.019,21,18,0.03474,0.15000000000000002,13,0,0.177879,0.23,9,1
2015-12-03,Alabama,6.691667,12.8,8,11,0.017167,0.025,9,23,0.143831,0.45,10.5,0,0.144621,0.21000000000000002,10.5,1
2015-12-04,Alabama,12.029167,30.1,19,28,0.013208,0.029,9,27,2.4055195,5.3,17,4.5,0.26420449999999995,0.5700000000000001,22.5,3
2015-12-05,Alabama,15.420833,28.8,18,26,0.016042,0.032,9,30,1.383117,4.35,11.5,4.5,0.320871,0.69,20.5,3.5
2015-12-06,Alabama,16.358333,28.3,18,26,0.013833,0.03,8,28,0.962013,1.55,14,0.5,0.3048865,0.635,9,3.5
2015-12-07,Alabama,16.95,36.8,17,34,0.009167,0.034,9,31,1.2041665,6.5,8,6.5,0.390139,0.6599999999999999,3.5,3.5
2015-12-08,Alabama,18.883333,37,9,35,0.017167,0.032,10,30,1.2071429999999999,2.4,10,1.5,0.399318,0.655,4,3.5
2015-12-09,Alabama,13.966667,25.7,6,24,0.019417,0.034,9,31,0.885,2.75,12,3,0.225,0.37,11.5,1.5
2015-12-10,Alabama,13.391667,26,19,25,0.020875,0.037,9,34,0.6603895,1.5499999999999998,10.5,0.5,0.333788,0.635,7,3
2015-12-11,Alabama,7.204167,17.2,17,16,0.025042,0.028,8,26,0.1298705,0.3,10,0,0.16197,0.3,8,1.5
2015-12-12,Alabama,8.666667,20.7,23,19,0.026542,0.036,9,33,0.555844,1.2000000000000002,18.5,0.5,0.163144,0.32999999999999996,21.5,1.5
2015-12-13,Alabama,5.366667,15.6,7,14,0.031292,0.036,23,33,0.725,2.05,6.5,1.5,0.12443200000000001,0.22,1,1.5
2015-12-14,Alabama,11.463636,32.3,19,30,0.022,0.037,2,34,0.2941665,1.5,14,1.5,0.1868055,0.38,19.5,1.5
2015-12-15,Alabama,18.104167,36.4,17,34,0.010625,0.03,9,28,2.091558,10.55,10,9.5,0.41825,0.79,20,4
2015-12-16,Alabama,10.714286,23.7,7,22,0.021042,0.034,9,31,1.1954544999999999,2.9000000000000004,10.5,2,0.3452275,0.75,3.5,4
2015-12-17,Alabama,6.845833,18.2,17,17,0.013625,0.02,2,19,0.0392855,0.25,19,0,0.206591,0.7450000000000001,19,2.5
2015-12-18,Alabama,9.679167,23.5,19,22,0.011917,0.027,9,25,0.437013,0.9500000000000001,7,0.5,0.17356100000000002,0.51,11.5,3
2015-12-19,Alabama,16,28.2,17,26,0.010083,0.028,9,26,0.6905845,1.5,4,0.5,0.3795075,0.5900000000000001,7,3
2015-12-20,Alabama,12.120833,21.5,8,20,0.020667,0.028,9,26,1.344156,3.55,8,3,0.3160225,0.605,4.5,3.5
2015-12-21,Alabama,9.091667,23,6,22,0.019083,0.024,0,22,0.7008335,1.75,8,0.5,0.1759445,0.21000000000000002,8,1
2015-12-22,Alabama,8.704167,14.9,15,13,0.01575,0.025,21,23,0.125,0.35,14,0,0.16924250000000002,0.23500000000000001,11,1
2015-12-23,Alabama,3.958333,7.5,13,7,0.021042,0.025,0,23,0.052922,0.15000000000000002,4.5,0,0.1070455,0.125,3.5,0.5
2015-12-24,Alabama,5.4875,16.6,7,15,0.015458,0.019,21,18,0.157792,0.7,10.5,0,0.165606,0.33,7,1
2015-12-25,Alabama,1.9375,4.3,19,4,0.02375,0.029,17,27,0.0113635,0.1,9.5,0,0.099318,0.12000000000000001,9.5,0.5
2015-12-26,Alabama,3.658333,14.1,19,13,0.019875,0.027,0,25,0.0022725,0.05,7,0,0.1277275,0.25,18.5,1
2015-12-27,Alabama,3.829167,11.8,20,10,0.021333,0.024,0,22,0.0275975,0.15000000000000002,13,0,0.1110225,0.17,9,1
2015-12-28,Alabama,3.33913,6.3,17,6,0.02625,0.032,15,30,0.0208335,0.1,5.5,0,0.11025,0.13,7.5,0.5
2015-12-29,Alabama,12,25.2,17,24,0.009417,0.02,8,19,0.367208,2,23,1.5,0.2696495,0.595,22,3
2015-12-30,Alabama,11.404762,18.9,1,17,0.008125,0.012,9,11,0.673052,1.7999999999999998,5.5,1.5,0.2629925,0.52,5,3.5
2015-12-31,Alabama,3.016667,5.9,18,5,0.018368,0.022,10,20,0.0974025,0.25,4,0,0.109091,0.125,8.5,0.5
2016-01-01,Alabama,2.520833,4.1,11,4,0.022292,0.027,13,25,0.406818,0.95,4,0.5,0.1147725,0.12000000000000001,4.5,0.5
2016-01-02,Alabama,8.4375,27.5,18,25,0.015333,0.03,9,28,0.6675325000000001,1.2,7,0.5,0.212879,0.605,23,3
2016-01-03,Alabama,12.75,20.7,8,19,0.017208,0.026,9,24,0.8603894999999999,1.65,4,0.5,0.29552999999999996,0.5449999999999999,2,3.5
2016-01-04,Alabama,3.141667,6.1,2,6,0.025292,0.028,8,26,0.4716665,1.6,5.5,1.5,0.12433350000000001,0.175,7.5,1
2016-01-05,Alabama,9.316667,28.5,19,26,0.021917,0.03,9,28,0.75,2.3,4,1.5,0.6255679999999999,3.34,5,10
2016-01-06,Alabama,14.5875,34.7,19,32,0.01825,0.03,9,28,0.843831,1.4500000000000002,11.5,0.5,0.1652275,0.315,21.5,1.5
2016-01-07,Alabama,17.854167,31.2,18,29,0.014042,0.019,7,18,0.992857,1.85,4,1.5,0.2426315,0.35,9,1.5
2016-01-08,Alabama,11.408333,27.6,18,25,0.017458,0.023,9,21,0.115909,0.25,5.5,0,0.2320835,0.52,9,1.5
2016-01-09,Alabama,4.7625,9.9,8,8,0.020042,0.025,16,23,0.013961000000000001,0.1,4,0,0.157462,0.25,9,1.5
2016-01-10,Alabama,3.429167,12.2,18,11,0.020458,0.025,13,23,0.1136365,0.85,22.5,0.5,0.1433335,0.21000000000000002,8.5,1
2016-01-11,Alabama,14.768182,31.3,18,29,0.013125,0.026,9,24,2.8791665,17.25,11,15.5,0.32211100000000004,0.87,23,4
2016-01-12,Alabama,15.204167,35.9,7,33,0.020833,0.033,9,31,1.774351,5.2,4,3.5,0.3849165,0.87,1,4.5
2016-01-13,Alabama,19.373684,33.2,23,31,0.010708,0.029,9,27,1.025325,1.85,9.5,1.5,0.4010985,0.7949999999999999,22.5,4
2016-01-14,Alabama,17.304167,39.6,8,37,0.026042,0.039,10,36,1.3951295,3,8,2,0.44303000000000003,0.925,2.5,5
2016-01-15,Alabama,15.008333,30.6,11,28,0.016333,0.029,0,27,0.9064935000000001,5.65,10.5,5,0.20666649999999998,0.345,11.5,1.5
2016-01-16,Alabama,3.2875,8.9,0,8,0.02375,0.03,8,28,0.19740249999999998,0.8500000000000001,13,0.5,0.08897749999999999,0.18,8.5,1
2016-01-17,Alabama,4.225,17.2,22,16,0.024792,0.033,9,31,0.5788964999999999,1.75,23,0.5,0.119811,0.19,20.5,1
2016-01-18,Alabama,8.104167,21.7,23,20,0.0225,0.031,9,29,0.6133335,1.75,5.5,1.5,0.1419445,0.20500000000000002,9,1
2016-01-19,Alabama,11.904167,31.7,20,29,0.021125,0.032,8,30,2.1074675000000003,7.199999999999999,10,6.5,0.1876135,0.33999999999999997,22,1.5
2016-01-20,Alabama,15.120833,28.5,17,26,0.014708,0.03,1,28,1.2325,2.5999999999999996,12,2,0.23132550000000002,0.32,8,1.5
2016-01-21,Alabama,12.4625,17.3,17,16,0.01325,0.033,22,31,0.7487010000000001,1.55,7.5,0.5,0.20500000000000002,0.24000000000000002,4,1
2016-01-22,Alabama,5.304167,10.5,7,9,0.022625,0.028,18,26,0.13246750000000002,0.6,22,0,0.15072,0.21000000000000002,3.5,1
2016-01-23,Alabama,3.0875,7.1,22,7,0.026958,0.031,11,29,1.2045455,2.5,4,1.5,0.13674250000000002,0.24000000000000002,21,1
2016-01-24,Alabama,14.695833,30,18,28,0.01575,0.03,9,28,4.867208,27.55,10.5,21.5,0.3436365,1.03,22.5,4.5
2016-01-25,Alabama,14.15,30.6,2,28,0.026375,0.036,11,33,1.6208335,3.05,5.5,2,0.35150000000000003,1.0350000000000001,4.5,5.5
2016-01-26,Alabama,12.983333,33,18,31,0.016042,0.03,0,28,0.3876625,0.9500000000000001,10.5,0.5,0.2176315,0.445,16.5,2.5
2016-01-27,Alabama,5.52381,15.8,23,14,0.017042,0.022,8,20,0.17889650000000001,0.35,10.5,0,0.131629,0.19,8.5,1
2016-01-28,Alabama,9.495833,25.4,23,24,0.019667,0.032,8,30,0.4788965,0.9,4,0.5,0.1840155,0.24000000000000002,5,1
2016-01-29,Alabama,16.883333,33.3,18,31,0.015375,0.034,9,31,0.567208,1.1,4,0.5,0.3089775,0.855,20.5,4
2016-01-30,Alabama,11.158333,25.9,8,24,0.034625,0.046,11,43,1.6863635000000001,4.05,8.5,3.5,0.4270075,0.8600000000000001,3.5,4.5
2016-01-31,Alabama,2.954167,5.5,18,5,0.037875,0.041,0,38,0.6045455,1.25,20.5,0.5,0.14079550000000002,0.19,9,1
2016-02-01,Alabama,10.420833,32,17,30,0.022458,0.032,9,30,0.24305549999999998,0.35,7,0,0.280861,0.7,20,3
2016-02-02,Alabama,5.083333,12.5,8,11,0.024583,0.033,23,31,0.2857145,1.05,9.5,0.5,0.17412899999999998,0.35,7.5,3
2016-02-03,Alabama,6.754167,28.2,7,26,0.031083,0.036,9,33,0.099675,0.5,16,0,0.143788,0.23500000000000001,7.5,1
2016-02-04,Alabama,3.316667,9,6,8,0.029667,0.036,12,33,0.563095,1.05,19.5,0.5,0.11272750000000001,0.135,9,0.5
2016-02-05,Alabama,10.95,31.2,21,29,0.021333,0.039,9,36,0.485,1.2999999999999998,22.5,0.5,0.24075749999999999,0.845,12.5,2.5
2016-02-06,Alabama,16.9,29.4,0,27,0.016833,0.037,10,34,3.3120130000000003,13.5,10,11.5,0.3014775,0.525,2,3
2016-02-07,Alabama,16.616667,38.6,22,36,0.022042,0.044,10,41,1.1396104999999999,2.9000000000000004,8,2,0.316629,0.5700000000000001,5.5,3
2016-02-08,Alabama,10.281818,30.3,1,28,0.030833,0.037,9,34,0.4158335,1.55,5.5,0.5,0.20447900000000002,0.265,3,1.5
2016-02-09,Alabama,4.245833,9.2,23,8,0.029625,0.035,11,32,0.5230520000000001,1.6,4,0.5,0.1501135,0.19,3.5,1
2016-02-10,Alabama,12.5875,35.9,20,33,0.020958,0.036,9,33,1.46526,7.75,23,7,0.1924245,0.395,20.5,1.5
2016-02-11,Alabama,21.538095,36.1,6,34,0.023375,0.039,11,36,3.462987,7.5,11,6.5,0.2773865,0.49,3.5,2.5
2016-02-12,Alabama,8.41,24.3,7,23,0.032875,0.045,11,42,1.8227275,4,11,3,0.18541649999999998,0.28500000000000003,3.5,1.5
2016-02-13,Alabama,3.295833,16.8,23,15,0.032625,0.038,8,35,0.825,3.95,23,3.5,0.12447,0.22,21.5,1
2016-02-14,Alabama,6.783333,18.1,0,17,0.035167,0.041,20,38,0.9571430000000001,1.8,13.5,1.5,0.14125,0.18,8.5,1
2016-02-15,Alabama,8.758333,17,14,16,0.026294,0.033,0,31,0.7116665,3.2,5.5,3,0.1835,0.2,9,1
2016-02-16,Alabama,9.091667,25.6,7,24,0.023875,0.031,9,29,0.376299,1.1,17,0.5,0.1882955,0.275,3.5,1
2016-02-17,Alabama,5.258333,20.5,23,19,0.026167,0.036,9,33,0.704737,2.05,23,1.5,0.1370455,0.23,11.5,1
2016-02-18,Alabama,15.129167,34.3,20,32,0.024417,0.038,23,35,1.0583335,2.45,4,1.5,0.34078949999999997,0.765,21.5,3.5
2016-02-19,Alabama,5.383333,13,18,12,0.041583,0.047,10,44,0.6623375,1.2,17.5,0.5,0.30954550000000003,0.5549999999999999,4.5,4
2016-02-20,Alabama,7.366667,23.8,19,22,0.030625,0.039,9,36,0.6905845,2.5,22.5,2,0.1922725,0.41000000000000003,19.5,1.5
2016-02-21,Alabama,6.275,16,23,15,0.025417,0.033,9,31,0.599351,1.5,11,0.5,0.1652275,0.31,10,2.5
2016-02-22,Alabama,16.777778,26.9,17,25,0.016667,0.022,19,20,0.10166649999999999,0.25,7.5,0,0.23838900000000002,0.345,5.5,1.5
2016-02-23,Alabama,6.775,12.9,7,11,0.025208,0.037,21,34,0.115909,0.4,10.5,0,0.1473485,0.2,4,1
2016-02-24,Alabama,3.108333,5.8,9,5,0.02725,0.034,0,31,0.20916649999999998,0.85,12.5,0.5,0.14125,0.19,8.5,1
2016-02-25,Alabama,3.829167,10.1,18,9,0.029833,0.037,10,34,0.3532465,0.8,16,0.5,0.1166665,0.14500000000000002,9,0.5
2016-02-26,Alabama,10.5,30.8,23,28,0.025792,0.038,10,35,0.672078,1.75,4,1.5,0.14359850000000002,0.28500000000000003,21,1
2016-02-27,Alabama,17.283333,39.1,20,37,0.01925,0.042,10,39,0.883766,3.3499999999999996,8,3,0.2799245,0.675,23,3
2016-02-28,Alabama,11.875,31.8,5,29,0.037375,0.049,10,45,0.7698055,1.45,7.5,0.5,0.3288255,0.835,2.5,4.5
2016-02-29,Alabama,12.904167,38.5,19,36,0.023889,0.041,9,38,0.5083335,1.05,15.5,0.5,0.2589165,0.56,22,3
2016-03-01,Alabama,8.616667,31.8,1,29,0.032708,0.037,11,34,0.4707795,2,2.5,1.5,0.198106,0.38,8,3
2016-03-02,Alabama,6.53,21,22,20,0.026917,0.036,9,33,0.413961,2.3499999999999996,19.5,2,0.1260985,0.21000000000000002,18.5,1
2016-03-03,Alabama,16.270833,30.5,1,28,0.019042,0.024,10,22,0.9333335,1.1,5.5,0.5,0.19,0.20500000000000002,2.5,1
2016-03-07,Alabama,8.904762,34.9,0,32,0.043625,0.051,11,47,0.7785715,1.6,23,1.5,0.224361,0.45499999999999996,12,4
2016-03-08,Alabama,7.945833,19.1,7,18,0.041667,0.049,10,45,1.1045455,3.65,2.5,3,0.1686765,0.20500000000000002,3.5,1
2016-03-09,Alabama,4.890909,15,19,14,0.039042,0.042,7,39,0.4625,1.05,13,0.5,0.12016650000000001,0.18,9,1
2016-03-10,Alabama,5.285,13.9,21,12,0.030125,0.038,0,35,0.323052,0.95,17,0.5,0.11090900000000001,0.135,8.5,0.5
2016-03-11,Alabama,12.220833,28.1,20,26,0.0165,0.027,9,25,1.0766235,3.55,6.5,3,0.182841,0.405,22.5,1.5
2016-03-12,Alabama,10.395833,24.9,20,23,0.018917,0.027,7,25,0.27857149999999997,1.75,20,1.5,0.24897750000000002,0.5449999999999999,9.5,2.5
2016-03-13,Alabama,8.745833,32.6,20,30,0.031292,0.043,10,40,0.183442,1.35,23,0.5,0.1895075,0.435,10,2.5
2016-03-14,Alabama,10.120833,37.4,20,35,0.026083,0.043,11,40,0.2433335,0.65,7,0,0.21650000000000003,0.51,21.5,2.5
2016-03-15,Alabama,11.654167,34.9,7,32,0.035292,0.05,10,46,0.8166665,2.75,4.5,2,0.34162899999999996,0.7749999999999999,6.5,4
2016-03-16,Alabama,12.779167,39.5,20,37,0.026125,0.049,9,45,0.9834419999999999,5.65,23,4.5,0.1964015,0.54,20.5,2.5
2016-03-17,Alabama,15.914286,33.6,0,31,0.03,0.052,11,48,2.6766235,9.350000000000001,2.5,8,0.2679545,0.595,2.5,3.5
2016-03-18,Alabama,15.783333,35.7,7,33,0.030708,0.047,10,44,2.326299,17.8,7.5,18,0.22871200000000003,0.405,6.5,1.5
2016-03-19,Alabama,4.291667,14.1,1,13,0.034542,0.045,12,42,0.181169,0.5,16,0,0.161553,0.21500000000000002,8.5,1
2016-03-20,Alabama,2.325,5.2,21,5,0.029625,0.037,9,34,0.106818,0.35,8,0,0.1052275,0.12000000000000001,1.5,0.5
2016-03-21,Alabama,10.277273,36.1,22,34,0.02325,0.041,10,38,0.4366665,1.05,16.5,0.5,0.149361,0.325,21,1
2016-03-22,Alabama,14.116667,37.4,7,35,0.035667,0.046,10,43,0.86526,2.1,8.5,1.5,0.29322349999999997,0.725,6,3.5
2016-03-23,Alabama,6.1625,19,7,18,0.042667,0.046,10,43,0.5623374999999999,1.9,10,1.5,0.1757575,0.23500000000000001,3.5,1
2016-03-24,Alabama,6.09,20.8,11,19,0.032708,0.044,0,41,0.2386365,0.75,2.5,0.5,0.13723449999999998,0.23,5.5,1
2016-03-25,Alabama,4.145833,13.3,19,12,0.0285,0.041,10,38,0.123052,0.25,9.5,0,0.12465899999999999,0.22,20.5,1
2016-03-26,Alabama,8.220833,25.2,5,24,0.02525,0.03,19,28,1.041883,4.8,4.5,4.5,0.15072,0.27,2.5,1
2016-03-27,Alabama,7.929167,26.7,19,25,0.022292,0.027,0,25,0.06720799999999999,0.25,14,0,0.1427275,0.32,18.5,1
2016-03-28,Alabama,5.416667,25.8,23,24,0.029917,0.042,10,39,0.395,2.5,23,2,0.17288900000000001,0.33999999999999997,10.5,1.5
2016-03-29,Alabama,14.89,38,21,36,0.02925,0.048,10,44,3.041234,9.2,15.5,8,0.185947,0.36,22,1.5
2016-03-30,Alabama,10.383333,27.8,0,25,0.042667,0.05,20,46,0.7949999999999999,1.4,8.5,0.5,0.198409,0.25,3,1.5
2016-03-31,Alabama,6.3375,18.5,13,17,0.03175,0.045,0,42,0.7301945,5,13.5,4.5,0.172841,0.24000000000000002,6.5,1
2016-04-01,Alabama,5.525,16.6,5,15,0.026583,0.03,9,28,0.1301945,0.2,12,0,0.141439,0.195,14,1
2016-04-02,Alabama,3.716667,8.5,5,8,0.035708,0.044,9,41,0.1951295,0.6000000000000001,23,0,0.1199245,0.18,9,1
2016-04-03,Alabama,7.958333,29.6,22,27,0.027375,0.047,10,44,0.941558,4.5,23,3.5,0.158447,0.4,22.5,1.5
2016-04-04,Alabama,11.722727,29.2,0,27,0.033417,0.048,9,44,1.0708335,3.5,4,3,0.2613335,0.64,7.5,3
2016-04-05,Alabama,7.145833,25.5,23,24,0.029,0.045,10,42,1.325974,6.15,22.5,4.5,0.18185600000000002,0.505,23,2.5
2016-04-06,Alabama,8.520833,26.3,0,25,0.035208,0.049,12,45,0.5990260000000001,1.55,7,1.5,0.198454,0.375,6.5,3
2016-04-07,Alabama,9.855,29,6,27,0.031958,0.043,10,40,0.21590900000000002,1.1,8,0.5,0.16696450000000002,0.385,6,1.5
2016-04-08,Alabama,5.6375,16.9,4,15,0.031958,0.04,10,37,0.1022725,0.25,13.5,0,0.1120455,0.13,11,0.5
2016-04-09,Alabama,12.279167,35,3,33,0.030792,0.047,10,44,0.7116885,3.55,22,3,0.1679925,0.31,12,1
2016-04-10,Alabama,7.495833,24.7,0,23,0.042083,0.052,11,48,0.7418830000000001,1.4500000000000002,5,0.5,0.14155299999999998,0.22499999999999998,7,1.5
2016-04-11,Alabama,10.741667,30,13,28,0.029042,0.037,0,34,0.46916650000000004,1.9000000000000001,4,1.5,0.1904165,0.255,10.5,1
2016-04-12,Alabama,7.079167,25.6,21,24,0.019875,0.03,11,28,0.0625,0.44999999999999996,19.5,0,0.1614775,0.33999999999999997,22.5,1.5
2016-04-13,Alabama,12.4,21.9,3,20,0.0205,0.031,10,29,0.7094155,4.25,7,3.5,0.20227250000000002,0.28500000000000003,2.5,1.5
2016-04-14,Alabama,6.8875,12.7,19,11,0.03175,0.041,23,38,0.358117,1,20,0.5,0.142197,0.19,3.5,1
2016-04-15,Alabama,3.866667,7.4,7,7,0.042292,0.046,7,43,0.1925325,0.5,4.5,0,0.11272750000000001,0.12000000000000001,3,0.5
2016-04-16,Alabama,6.491667,33,21,31,0.034,0.042,8,39,0.0207795,0.1,17.5,0,0.1374245,0.325,20.5,1
2016-04-17,Alabama,9.575,31.8,20,29,0.0315,0.053,10,49,0.7301945,3.9,22.5,3,0.186591,0.395,10.5,1.5
2016-04-18,Alabama,21.670833,51.7,20,48,0.028042,0.061,10,71,2.0324999999999998,7,23,5,0.3061665,0.575,21.5,3
2016-04-19,Alabama,19.35,44.6,7,42,0.035917,0.072,10,105,3.1798705,12.05,5.5,11.5,0.354811,0.61,3.5,3.5
2016-04-20,Alabama,16.880952,49.1,6,46,0.044208,0.06,9,67,2.9363634999999997,13.05,4,10,0.32064400000000004,0.865,6,3.5
2016-04-21,Alabama,11.82381,28,5,26,0.031917,0.042,8,39,0.872078,2.4000000000000004,8,1.5,0.1907895,0.25,2.5,1
2016-04-22,Alabama,6.866667,15,1,14,0.032792,0.044,8,41,0.132143,0.25,4,0,0.1757575,0.27,3.5,1
2016-04-23,Alabama,6.558333,27.4,23,25,0.030292,0.054,10,50,0.0555195,0.2,15.5,0,0.188409,0.355,22.5,1.5
2016-04-24,Alabama,10.85,28.8,0,26,0.037333,0.057,9,58,1.2139609999999998,7.7,4,8,0.2645455,0.675,6,3
2016-04-25,Alabama,13.4125,35.5,22,33,0.0315,0.056,7,54,0.9875,3.15,22.5,2,0.24088900000000002,0.405,15.5,1.5
2016-04-26,Alabama,9.625,35.5,0,33,0.034667,0.05,8,46,0.3146105,1.7999999999999998,7,1.5,0.198788,0.37,3,2.5
2016-04-27,Alabama,5.783333,14.2,6,13,0.030292,0.035,7,32,0.37889649999999997,2.1,7,1.5,0.16640149999999998,0.23,3,1
2016-04-28,Alabama,10.175,33.5,22,31,0.028792,0.053,10,49,0.3491665,1.85,23,1.5,0.204394,0.43499999999999994,22,1.5
2016-04-29,Alabama,10.295833,28.5,7,26,0.033,0.049,8,45,1.3909090000000002,7.3,7,7,0.317121,0.625,5,3.5
2016-04-30,Alabama,6.2875,16.9,2,15,0.029125,0.039,8,36,0.492857,2,11,1.5,0.1663635,0.21500000000000002,3,1
2016-05-01,Alabama,10.133333,22.6,1,21,0.015625,0.027,3,25,0.237013,1.7,8,1.5,0.18715900000000002,0.275,11.5,1
2016-05-02,Alabama,9.56,18.8,17,17,0.021417,0.033,9,31,0.08666650000000001,0.25,7.5,0,0.210611,0.33999999999999997,1,1.5
2016-05-03,Alabama,2.908333,8.6,18,8,0.028917000000000002,0.038,10,35,0.006818,0.05,6.5,0,0.15,0.2,5.5,1
2016-05-04,Alabama,5.985,14.9,5,13,0.032458,0.046,10,43,0.0464285,0.2,11,0,0.143068,0.20500000000000002,5,1
2016-05-05,Alabama,4.316667,13.9,4,12,0.035292,0.048,10,44,0.06266250000000001,0.15000000000000002,8.5,0,0.145038,0.21000000000000002,2.5,1
2016-05-06,Alabama,6.95,19.3,21,18,0.029708,0.05,10,46,0.167208,0.55,7.5,0,0.164091,0.28500000000000003,14,1
2016-05-07,Alabama,12.054167,31.7,22,29,0.033667,0.058,10,61,0.467208,0.9,19.5,0.5,0.3429545,0.75,4,4
2016-05-08,Alabama,12.916667,33.9,1,31,0.039042,0.056,9,54,0.443831,1.7000000000000002,7,0.5,0.2713635,0.52,5,3
2016-05-09,Alabama,7.2125,13.4,20,12,0.036417,0.046,0,43,0.6174999999999999,1.7000000000000002,13.5,1.5,0.17925000000000002,0.295,5.5,1.5
2016-05-10,Alabama,5.008333,11.6,5,10,0.038333,0.046,8,43,1.1275975,3.55,7.5,2,0.17321999999999999,0.21000000000000002,4,1
2016-05-11,Alabama,7.25,17.5,22,16,0.028625,0.047,9,44,0.1066665,0.25,13,0,0.160682,0.255,11,1
2016-05-12,Alabama,11.154167,22.7,1,21,0.029125,0.042,10,39,0.5743510000000001,2.05,5,1.5,0.2340155,0.49,4.5,2.5
2016-05-13,Alabama,6.904167,32.4,22,30,0.02625,0.044,10,41,0.144156,0.6499999999999999,22.5,0,0.1901315,0.37,22,1.5
2016-05-14,Alabama,6.5875,23,0,22,0.035375,0.053,8,49,0.208766,0.55,2.5,0,0.2563635,0.5549999999999999,4.5,3
2016-05-15,Alabama,3.225,13.2,23,12,0.036667,0.049,10,45,1.5214284999999999,8.95,15.5,8.5,0.10250000000000001,0.135,10.5,0.5
2016-05-16,Alabama,10.204762,22.7,22,21,0.034125,0.047,10,44,0.7583335,5.3999999999999995,7,7,0.1441665,0.225,11.5,1
2016-05-17,Alabama,8.433333,19.8,2,18,0.035917,0.05,9,46,0.517857,1.35,14,0.5,0.18725,0.20500000000000002,8,1
2016-05-18,Alabama,6.279167,16.2,6,15,0.027958,0.038,11,35,0.4883115,2.85,13,2,0.1528945,0.245,5,1
2016-05-19,Alabama,5.741667,25.5,23,24,0.026917,0.042,11,39,0.4094155,4.25,23,3.5,0.1593055,0.365,22.5,1.5
2016-05-20,Alabama,8.98,29.6,23,27,0.025667,0.042,10,39,0.2266235,1.15,2.5,1.5,0.2095075,0.33999999999999997,9.5,1.5
2016-05-21,Alabama,5.6875,25.9,0,24,0.0345,0.044,10,41,0.0227275,0.25,2.5,0,0.1597345,0.28500000000000003,1,1.5
2016-05-22,Alabama,5.5125,34.8,23,32,0.037792,0.06,10,67,0.525649,3.7,23,3,0.14950750000000002,0.37,22.5,1.5
2016-05-23,Alabama,16.6875,36.1,7,34,0.0365,0.074,8,112,4.6025,34.4,7.5,32.5,0.295639,0.535,7.5,2.5
2016-05-24,Alabama,15.629167,37.2,7,35,0.039,0.068,9,93,2.4788965000000003,9.350000000000001,5.5,8,0.3347025,0.5449999999999999,4.5,3
2016-05-25,Alabama,14.404167,39.2,6,37,0.041042,0.065,8,84,1.1416665,5.45,4,4.5,0.312083,0.78,3,3
2016-05-26,Alabama,10.458333,32.7,5,30,0.042083,0.062,8,74,0.8045455,1.6,7.5,0.5,0.258393,0.61,5,2.5
2016-05-27,Alabama,4.975,10.1,5,9,0.043083,0.054,8,50,0.331818,1.2,5.5,0.5,0.195,0.21000000000000002,4.5,1
2016-05-28,Alabama,9.516667,27.8,22,25,0.030125,0.048,10,44,0.725325,1.55,23,1.5,0.2472725,0.5449999999999999,22,2.5
2016-05-29,Alabama,10.841667,30.9,22,28,0.023792,0.043,8,40,1.7035715,13.850000000000001,7.5,13,0.347197,0.655,3.5,3.5
2016-05-30,Alabama,12.6,37.1,20,35,0.025458,0.048,10,44,1.295,7.449999999999999,23,7,0.2921945,0.5449999999999999,3.5,3
2016-05-31,Alabama,19.259091,34.3,19,32,0.027,0.052,7,48,3.5707795,15.5,9.5,15.5,0.34625,0.51,11,3
